,Exited
6428,1
9992,0
12320,1
5896,0
11840,1
2564,1
6051,0
1146,0
1937,0
7809,1
1031,0
3884,0
7900,1
5652,0
8703,0
13504,1
3336,0
8736,0
3858,0
96,0
14385,1
3130,1
2474,1
3931,0
2627,0
3773,0
12820,1
2239,1
11032,1
14763,1
7144,1
12965,1
12247,1
3027,0
9868,0
2389,0
5872,0
8993,0
1592,0
2391,0
3082,1
9330,0
6461,0
10864,1
8784,1
14464,1
13996,1
12920,1
15695,1
2901,0
4099,0
12831,1
13029,1
2540,1
11786,1
9102,0
6084,0
9626,0
2354,0
14722,1
8099,0
7948,0
13071,1
4184,1
13334,1
2576,0
7998,1
10194,1
11025,1
9841,0
6323,0
15474,1
1281,1
6735,1
8482,0
10776,1
7286,0
8528,0
6072,0
7337,1
9232,1
7782,0
415,0
15568,1
6266,0
14244,1
710,0
7764,1
3528,0
4503,0
2528,0
13120,1
10092,1
5623,0
2893,0
13766,1
15663,1
10117,1
10842,1
4885,0
4091,0
12691,1
2888,0
12970,1
1523,0
8774,0
10119,1
14294,1
1406,0
7142,1
12464,1
11748,1
5804,1
10767,1
1811,0
5465,0
9384,1
11710,1
10599,1
10730,1
7637,0
6018,0
11294,1
14538,1
5943,0
1486,0
12101,1
12568,1
774,1
1631,1
11140,1
6690,0
469,0
15513,1
8842,0
9478,1
13574,1
6760,0
7947,0
10491,1
598,1
4562,0
7315,0
8724,0
11001,1
4659,0
1905,0
14968,1
8287,0
4684,0
8094,0
8608,0
13133,1
8295,0
13705,1
9552,0
5038,0
6220,0
10018,1
5597,0
12813,1
12437,1
5858,1
7466,0
14556,1
13958,1
2837,0
9627,0
3757,0
3218,0
3573,0
3132,0
13851,1
3520,1
7936,0
2588,0
3338,0
4695,0
8720,0
3353,0
4308,0
1758,0
12353,1
11026,1
852,0
1494,0
11300,1
8757,0
2464,0
5508,0
9260,0
13855,1
8217,0
10162,1
11027,1
2332,0
14205,1
4608,1
12412,1
9202,0
13969,1
500,0
13371,1
5664,1
9707,0
1046,1
9147,0
2633,0
14787,1
15747,1
6820,0
14238,1
9924,1
8888,0
13896,1
7317,1
6497,1
11705,1
777,1
14169,1
9380,0
6613,0
4019,0
1194,0
10854,1
51,0
12016,1
2304,0
8410,0
8049,1
9699,0
1113,1
2982,0
656,0
3254,1
15471,1
4921,1
1187,1
15820,1
12417,1
7222,0
565,0
4118,0
12863,1
840,1
3888,0
1642,0
9054,0
13963,1
9024,1
2666,0
1972,0
8161,0
13622,1
1149,0
4783,0
4092,0
11490,1
15074,1
765,0
5174,0
8369,1
6717,1
3872,0
6341,0
9363,0
9406,0
2620,0
8451,0
10212,1
3026,0
5361,0
4102,0
9425,0
15057,1
14143,1
8158,0
6433,0
10182,1
5138,0
2685,0
14116,1
10365,1
7696,1
911,0
6627,1
8688,1
13548,1
12841,1
1345,0
1444,0
6389,0
3499,0
14499,1
5725,0
13439,1
6510,1
2422,0
10072,1
2732,1
80,0
4217,1
14245,1
11129,1
5353,1
9158,0
12550,1
6669,1
4739,0
6814,0
1572,1
13827,1
879,0
1578,0
7307,0
1509,0
1896,0
7785,0
9096,0
4112,0
10687,1
1845,1
5568,0
6000,1
9864,0
13351,1
8091,0
15263,1
4742,0
11980,1
15149,1
13973,1
8282,0
15520,1
15006,1
13391,1
10113,1
3614,0
8079,0
2108,0
15733,1
12963,1
15867,1
9856,1
4696,0
6053,0
8487,0
8192,0
13793,1
13651,1
14058,1
8972,0
13313,1
13672,1
4325,0
3219,0
8377,0
12284,1
5500,0
7771,0
1193,1
45,0
13022,1
976,1
12223,1
13649,1
2963,0
8184,1
1584,0
6325,1
4515,0
13618,1
10319,1
1975,0
3912,0
5278,1
11643,1
15332,1
4411,1
13684,1
7625,0
13465,1
10585,1
12421,1
5180,0
2840,0
11047,1
10976,1
14699,1
15701,1
7015,0
11959,1
10611,1
5371,1
15495,1
10356,1
13251,1
11200,1
4505,0
6916,0
37,0
576,0
10830,1
3988,1
8769,0
713,0
15309,1
12738,1
6215,0
5183,0
13658,1
2335,1
4899,1
5376,0
4420,0
14285,1
8037,0
5069,0
881,1
4900,0
7745,0
567,0
8233,0
5646,1
2245,1
9896,0
6434,0
4165,0
14372,1
8515,0
10703,1
9201,0
239,0
5922,1
14985,1
14288,1
7953,0
1597,0
10279,1
14082,1
9990,0
1901,0
1180,0
7028,0
8496,0
4302,1
3006,1
10051,1
2781,1
13366,1
14674,1
15385,1
6482,0
14256,1
7662,1
5121,0
6029,1
9407,0
2829,0
7762,0
10796,1
7840,0
12966,1
4219,0
15002,1
13668,1
11230,1
6148,0
3413,0
5363,1
906,0
8051,1
3693,1
14809,1
3118,0
13308,1
11241,1
8540,0
8116,1
6105,0
15681,1
5723,0
7924,0
11105,1
295,0
11471,1
10184,1
6377,1
1785,0
4382,0
7348,0
11631,1
1284,0
7988,0
1362,0
8600,1
13483,1
4454,1
15424,1
15714,1
8360,0
549,0
6173,0
11566,1
13537,1
3574,0
14819,1
4352,0
7709,0
2648,0
2586,0
10360,1
4889,1
13925,1
3160,0
11215,1
3182,0
6930,0
3480,1
2377,0
6517,0
9618,0
14808,1
14994,1
8735,0
15122,1
10638,1
11966,1
9125,1
12885,1
14460,1
11822,1
9025,0
8366,0
8704,0
7864,0
8231,1
10869,1
10417,1
10333,1
4955,0
1613,0
9926,0
8700,0
13660,1
6345,0
2015,0
7558,1
12458,1
7159,1
6698,0
13906,1
2981,0
11385,1
9659,0
13936,1
243,1
4878,0
5701,1
106,0
10141,1
5923,1
14107,1
14635,1
14448,1
4830,0
7752,0
5344,0
5202,1
13499,1
10505,1
4605,0
8583,0
10381,1
13994,1
3960,0
3873,0
179,1
7195,0
6486,0
6695,0
11236,1
4793,0
6847,0
12004,1
9743,0
10384,1
29,0
2801,0
9609,0
6176,0
2922,0
15450,1
4664,0
13674,1
13286,1
11618,1
1245,1
10987,1
4053,0
13814,1
4412,0
108,0
7877,1
8040,0
14118,1
13435,1
11953,1
8093,0
13030,1
9219,0
4394,0
9334,0
13509,1
13840,1
11263,1
4348,0
15042,1
5942,1
9572,1
8188,0
13797,1
10399,1
5665,0
11812,1
11587,1
973,0
9430,0
4299,0
11603,1
3653,0
6632,0
15426,1
8215,1
3088,0
6177,1
13899,1
5996,0
6560,0
6832,0
10,0
2647,1
12534,1
1426,0
12872,1
3265,0
12512,1
12702,1
4814,0
12786,1
12063,1
1215,1
12487,1
14774,1
7092,0
15523,1
9800,1
7571,1
323,0
1344,1
4457,0
372,0
909,0
10779,1
13153,1
3399,1
496,0
9937,0
8810,0
10936,1
6013,0
14732,1
3470,0
5302,0
14009,1
7729,1
4365,0
11013,1
1195,0
6939,0
4953,0
10054,1
1423,0
11417,1
256,0
15788,1
9643,0
288,0
10581,1
6536,0
9118,0
10722,1
13402,1
4484,0
15047,1
15012,1
10709,1
12737,1
1232,1
11545,1
10443,1
8747,0
2675,0
1112,0
7223,1
7861,0
12735,1
12478,1
267,0
11433,1
7335,0
14130,1
11180,1
9459,0
3048,0
6967,0
8678,0
1379,0
5880,0
15514,1
7017,1
4759,0
12334,1
10122,1
9846,0
3790,1
620,0
652,0
14278,1
8631,0
15023,1
3473,1
13132,1
5697,0
6264,0
8257,0
5019,1
7089,0
12498,1
2516,0
8260,0
13278,1
14165,1
14154,1
5286,0
8753,0
11487,1
6332,0
3603,1
14008,1
15146,1
6179,0
9535,0
1506,0
11050,1
13828,1
11764,1
11625,1
13172,1
7228,1
15536,1
4890,0
730,0
5440,1
6275,0
13146,1
6914,0
9079,0
1745,0
15393,1
3853,0
14470,1
5221,0
15545,1
2709,0
10543,1
3388,0
8015,0
15013,1
10705,1
5862,0
15576,1
11034,1
3126,0
1156,0
12888,1
32,0
11326,1
12371,1
1336,0
14395,1
6062,0
13663,1
13084,1
1610,0
939,0
13104,1
11667,1
4023,0
10903,1
10490,1
11737,1
745,0
4083,0
13670,1
7791,0
5582,0
2877,0
15398,1
4701,0
1741,0
9853,0
2651,0
14608,1
5762,0
12881,1
3002,0
1821,0
9253,0
1330,0
12969,1
957,0
2110,1
6110,0
12270,1
4691,0
14052,1
1660,0
14729,1
7779,0
5786,0
12610,1
14206,1
655,0
12814,1
11502,1
14870,1
10713,1
6248,0
12494,1
2199,0
2960,0
4640,1
7417,0
5487,0
13874,1
12156,1
6189,0
5790,0
1405,1
9965,0
2625,0
14996,1
14841,1
12451,1
9859,1
3148,1
9514,0
2873,0
3916,0
12985,1
6214,0
10604,1
10668,1
76,0
5195,0
12146,1
13857,1
14817,1
4947,0
435,0
2260,0
1775,0
9360,0
10254,1
93,0
5729,0
10846,1
4007,0
15756,1
7402,0
12948,1
4810,0
3181,0
6572,0
1076,0
2338,0
6554,0
15283,1
1885,0
11693,1
10499,1
4323,1
5584,0
4949,0
12092,1
10628,1
9322,0
10609,1
2759,0
8589,0
6077,0
4030,0
3352,0
1437,0
1233,0
8889,0
4281,0
15230,1
11997,1
3102,0
2465,0
7487,1
15862,1
5404,0
15137,1
449,0
5931,1
7476,0
3621,0
2317,0
13347,1
2185,0
4477,0
1890,0
1155,0
8950,0
14074,1
9635,1
1728,0
5838,1
15391,1
2997,0
14367,1
5349,0
11960,1
12311,1
4392,0
13756,1
2503,0
12929,1
2463,0
6463,0
2846,0
14912,1
8324,0
1612,1
6454,0
2191,1
1729,0
4824,0
10875,1
11884,1
11087,1
5657,0
9791,1
10235,1
10067,1
15589,1
15850,1
7639,0
7068,1
4047,0
6225,0
8830,1
5298,0
2556,0
14711,1
4240,0
11630,1
11074,1
14498,1
2755,0
2492,1
3139,0
11306,1
15249,1
5234,1
15769,1
3272,1
13975,1
5273,0
6733,0
2889,0
5848,0
788,0
9412,0
6473,0
5937,0
14133,1
14880,1
2194,0
15196,1
5444,0
7033,0
3377,1
4527,0
13628,1
1780,0
7627,0
2959,0
5846,0
11437,1
349,0
12710,1
14901,1
3349,1
8981,0
42,0
801,0
3529,0
6842,0
981,0
3458,0
13486,1
11513,1
5173,0
13833,1
14323,1
12717,1
7076,0
3091,0
7882,1
8598,0
2756,0
9420,0
916,1
4617,0
5614,0
1616,0
13141,1
7879,0
2146,0
8115,0
1833,1
8323,0
6592,0
6234,0
3937,0
4714,0
6462,0
9451,1
5654,0
10316,1
11468,1
782,0
6973,0
13228,1
5632,1
9390,0
9938,0
6107,0
10981,1
10328,1
9608,0
4838,0
2401,0
10707,1
4205,0
4641,0
2152,1
11075,1
2947,0
15697,1
8109,0
3878,0
6712,0
6442,0
6074,0
5641,0
12482,1
7020,0
12769,1
10934,1
7091,1
3023,0
14824,1
3541,0
3279,0
7506,1
12106,1
10850,1
15179,1
9305,0
12836,1
2804,0
8823,0
2211,0
8246,0
8768,1
11685,1
3133,0
7034,1
9403,0
7042,0
4320,0
7735,1
2107,0
5128,0
10263,1
12048,1
3973,0
6025,0
3034,0
11368,1
14303,1
4663,0
8629,0
3286,0
2367,1
9761,0
12262,1
5736,0
440,0
13441,1
12825,1
14136,1
4692,0
14281,1
3064,0
11434,1
1224,0
12391,1
2592,0
3247,0
2812,0
13213,1
10624,1
8763,1
2691,0
4132,0
7615,0
13511,1
2249,0
2552,0
6759,0
11224,1
12998,1
8242,1
3649,0
380,0
10509,1
7586,0
8138,0
10217,1
14167,1
1360,0
3196,0
2037,1
486,0
10560,1
8299,1
783,0
14990,1
6724,1
10734,1
12243,1
11514,1
3238,1
15881,1
6501,0
7654,0
13594,1
15884,1
14591,1
7441,0
12271,1
14162,1
1915,0
9088,1
7391,0
6178,0
14100,1
3632,0
109,1
8925,0
3464,0
2138,0
10129,1
6259,0
742,0
10109,1
12268,1
8031,0
11619,1
14958,1
14743,1
4480,0
3442,0
13806,1
4521,0
2847,1
7934,0
13732,1
7925,0
15506,1
10865,1
6113,0
7567,1
1947,0
5414,0
11346,1
14343,1
10726,1
1834,0
12064,1
9573,0
13388,1
10007,1
11370,1
10564,1
4801,0
12898,1
10911,1
6417,0
9089,0
15003,1
14692,1
3003,0
23,0
15804,1
3524,0
11658,1
5389,0
8765,0
11842,1
1309,0
15317,1
8934,0
3475,0
789,0
12639,1
12664,1
11947,1
3284,0
9285,0
2514,0
12899,1
4385,0
11659,1
4905,0
11798,1
8028,0
15223,1
10643,1
10440,1
11803,1
3688,0
1395,0
8206,0
6321,0
5006,0
6066,0
15838,1
11575,1
15609,1
5257,0
14950,1
7681,1
5740,0
8943,0
14757,1
6151,0
15437,1
10153,1
15271,1
15305,1
11771,1
10089,1
3301,0
13630,1
12632,1
11492,1
5406,0
7930,0
712,0
14313,1
4279,0
14357,1
9315,0
9887,0
11084,1
5920,0
1822,0
10008,1
5411,0
15101,1
15103,1
10206,1
13982,1
10110,1
15744,1
1977,1
12660,1
12973,1
3264,0
7412,0
4834,1
5061,0
252,0
9072,0
2098,1
10413,1
13864,1
3671,0
11495,1
10098,1
433,1
12678,1
4416,0
15031,1
9979,0
6621,1
9191,0
8715,0
12103,1
12627,1
2934,1
15174,1
7740,1
7363,0
8898,0
7410,0
15822,1
6725,0
13144,1
8882,0
15119,1
13771,1
15829,1
56,0
3412,0
6315,1
2855,0
7013,0
2986,0
4572,0
13180,1
9798,0
12823,1
11112,1
14279,1
10569,1
8886,0
14035,1
4722,0
8825,1
5965,0
8289,0
4472,0
12121,1
12463,1
6020,0
2188,0
10892,1
5781,0
4049,0
11121,1
12837,1
14698,1
11391,1
14081,1
3544,0
6779,1
519,0
1755,1
4508,0
11082,1
7501,0
5263,0
15460,1
15420,1
227,1
9293,0
7623,0
665,0
9611,0
14059,1
12511,1
14896,1
10464,1
11014,1
10763,1
1699,0
15830,1
13844,1
1877,1
14519,1
513,0
8641,1
15256,1
11796,1
10223,1
7773,1
6913,1
11999,1
11183,1
9100,0
15060,1
10046,1
8968,0
2916,1
6492,0
480,0
7205,0
91,0
2577,0
15110,1
14457,1
8902,0
11956,1
11950,1
5272,1
14105,1
9197,0
1596,0
12408,1
3896,0
12827,1
1349,0
6562,1
8101,1
13496,1
3777,0
11781,1
12058,1
15083,1
4050,0
15280,1
12138,1
5702,0
14066,1
13007,1
2762,0
15654,1
13155,1
3685,0
5062,0
3602,0
8359,1
9213,0
11089,1
1446,0
6969,0
1020,1
705,1
7201,1
1866,0
8248,0
12833,1
10977,1
11839,1
12465,1
2574,1
13765,1
6017,0
2956,0
9632,0
3742,0
3914,0
9410,0
11610,1
1419,0
1103,0
10866,1
7273,0
15247,1
10770,1
13062,1
1558,0
7261,0
8008,0
7732,0
13638,1
3523,0
4542,0
34,0
3400,0
14495,1
15427,1
6339,0
10988,1
8137,1
8166,0
6237,0
2652,0
5328,0
9123,0
6723,0
9193,0
12925,1
12979,1
7897,0
12518,1
292,0
2836,0
11644,1
8318,0
12290,1
2870,0
13927,1
11449,1
12788,1
11212,1
8057,0
8534,0
1535,0
1318,1
2730,0
10868,1
9758,0
15036,1
14055,1
4879,1
13408,1
9664,0
12137,1
14558,1
2228,0
2641,0
4418,0
9754,0
13757,1
6994,0
7303,0
13744,1
356,0
8657,1
11877,1
13734,1
13836,1
4584,0
837,0
266,0
7187,0
2006,0
6844,0
15817,1
2362,1
7800,1
10032,1
15381,1
11626,1
9353,0
6808,0
12659,1
826,0
10374,1
4253,0
6843,0
14208,1
8816,0
1441,0
3066,0
10255,1
2748,1
3189,0
10967,1
14443,1
3061,0
8919,0
889,0
14344,1
13357,1
14902,1
1963,0
3125,0
6661,0
9263,0
14758,1
1127,0
9751,0
12655,1
14347,1
14857,1
10405,1
12959,1
7007,0
1543,0
3263,1
9314,1
15095,1
2268,1
3770,0
8585,1
8537,0
132,0
9946,0
6138,1
12435,1
603,1
10649,1
843,1
393,1
14602,1
6829,0
14671,1
15062,1
4989,0
12006,1
3928,0
5511,0
10907,1
11136,1
13835,1
14068,1
12566,1
2277,0
7248,1
3234,1
13470,1
3498,0
6630,0
4613,0
7917,0
10557,1
401,0
6730,0
13232,1
5727,1
6800,0
7960,0
14282,1
14684,1
4680,0
13926,1
5008,0
8159,0
3403,0
8059,0
3883,0
12751,1
10385,1
9445,1
7105,0
1573,0
14842,1
11358,1
2423,0
9624,1
5264,1
10943,1
7847,0
3548,0
253,0
8455,0
15269,1
12017,1
13790,1
12125,1
11876,1
13804,1
5501,0
8602,0
809,0
13792,1
6125,0
13056,1
2650,0
7464,1
15780,1
12389,1
3190,0
3620,0
1702,0
7588,0
7438,0
3650,0
6790,0
9373,0
15302,1
11192,1
8440,0
13469,1
13552,1
3370,1
14988,1
7109,0
10061,1
12554,1
12093,1
6383,0
13778,1
11848,1
14646,1
13078,1
10845,1
12202,1
664,0
13901,1
14746,1
14522,1
1736,0
5259,0
8777,0
3347,0
1568,0
462,0
743,1
222,0
10439,1
3994,0
1979,0
8441,0
625,0
11327,1
9724,0
13154,1
8650,0
8129,0
12758,1
344,0
5494,1
7600,0
12938,1
1004,0
4449,0
2280,0
456,0
12787,1
15705,1
4335,1
2621,0
873,0
7145,0
14394,1
6507,0
6885,0
15351,1
5114,1
10151,1
5212,1
13142,1
1760,1
842,0
14023,1
14706,1
15114,1
5199,0
4803,0
2902,0
10619,1
11094,1
15573,1
15199,1
8687,0
779,0
7306,0
9487,0
8776,0
15636,1
3431,0
15035,1
9612,0
13903,1
12037,1
9441,0
14609,1
4725,0
1469,1
5130,0
13954,1
8701,0
7838,0
10436,1
6798,0
9706,0
10710,1
11378,1
368,0
13626,1
3593,0
1415,0
12602,1
9745,0
7085,0
8649,0
15792,1
12930,1
8673,1
7968,0
10497,1
2825,0
9904,0
1721,0
9386,0
5324,0
4060,0
15359,1
1824,0
11210,1
7971,0
12821,1
14843,1
13473,1
3232,0
6927,0
1918,0
8675,0
1569,1
1831,0
347,0
1242,0
9144,0
15519,1
14813,1
7103,1
6594,1
4656,0
15166,1
14109,1
14584,1
8574,0
7300,0
15334,1
9543,0
12018,1
9509,0
13240,1
7342,0
15800,1
14197,1
6605,0
11282,1
13911,1
6580,0
1222,0
7308,1
2134,0
9877,1
13242,1
13167,1
14641,1
7563,0
11863,1
12876,1
509,0
10982,1
8198,1
6400,0
6298,1
12292,1
3986,0
748,0
5246,0
1259,0
4718,0
1888,0
8761,1
6651,0
711,0
14001,1
14570,1
9157,0
5833,1
9855,0
13993,1
3438,0
4808,0
3329,0
3293,0
9317,1
12552,1
13748,1
10407,1
6876,0
13898,1
10676,1
4865,0
5551,0
9834,1
8262,0
104,1
13112,1
1794,0
15911,1
15163,1
2386,0
7258,1
4847,0
15854,1
5837,0
8778,0
1658,0
212,0
8772,0
5886,0
4419,0
15039,1
5193,0
5735,0
1359,0
334,0
2166,0
3110,1
5709,0
10623,1
792,0
233,0
9060,1
8196,0
1064,0
209,0
12167,1
11507,1
12630,1
10130,1
4498,0
6902,0
10189,1
2413,0
6598,0
13784,1
10735,1
12301,1
8149,0
871,1
8178,0
1263,0
1618,0
14235,1
4345,1
10708,1
2414,1
10012,1
14365,1
13131,1
1220,0
7872,0
1765,0
10765,1
6552,0
9038,1
14215,1
2001,0
5609,0
9419,0
4581,0
14456,1
1485,1
3582,0
2523,0
5990,0
8955,1
14002,1
7152,1
3078,0
4833,0
12450,1
1305,1
4782,0
6206,0
8786,0
13235,1
4381,0
12159,1
14762,1
8760,0
9195,1
6243,0
6452,0
10171,1
2165,0
617,1
15454,1
3803,1
10504,1
9063,0
10890,1
9674,0
15121,1
10926,1
2163,0
4770,0
10780,1
15611,1
2004,0
13900,1
15235,1
3047,0
11783,1
14144,1
12409,1
10280,1
7157,0
8731,0
9696,0
3095,0
9923,0
3285,1
12480,1
10062,1
15605,1
1313,0
7895,0
6423,0
12942,1
8918,1
2903,0
13145,1
3333,0
13478,1
14393,1
3053,0
11791,1
5072,0
9224,0
8337,0
14063,1
11765,1
2269,0
2694,0
15296,1
8077,0
14656,1
9967,0
15648,1
14175,1
10415,1
12444,1
8587,0
4707,0
14228,1
2114,0
8197,0
7990,0
1541,0
13123,1
2602,0
13693,1
4607,1
11107,1
9546,0
11500,1
4756,1
7111,0
5538,0
10836,1
520,1
11124,1
8086,0
10024,1
13763,1
1092,1
15278,1
14242,1
4913,1
6123,0
10144,1
3771,0
11584,1
1109,0
4655,0
13301,1
1038,0
7520,0
20,0
8916,0
7488,0
5531,0
9642,0
934,0
8478,0
7828,0
14427,1
15067,1
1726,0
4490,0
10940,1
13770,1
1737,0
10996,1
7691,0
561,0
8062,1
14721,1
14568,1
1162,0
9880,0
10648,1
7820,0
5825,1
1527,0
9848,0
8538,0
2930,0
5721,1
58,1
9300,0
13004,1
13606,1
4483,1
2291,0
7821,0
13685,1
8748,1
10186,1
14532,1
12285,1
1649,0
15716,1
14927,1
2724,0
11274,1
938,0
4510,0
13678,1
15150,1
15596,1
4694,0
8171,1
7375,0
998,0
11979,1
4528,0
3870,0
7784,0
5354,0
15165,1
2907,0
11455,1
12883,1
3538,1
14705,1
5993,0
15066,1
915,0
14421,1
4415,0
15759,1
10931,1
10764,1
1817,0
15555,1
12637,1
3949,0
337,0
6431,0
2072,0
13821,1
14306,1
5822,0
11189,1
5143,1
8730,0
3513,0
2815,0
14087,1
6375,1
14569,1
14330,1
11297,1
15027,1
8963,1
766,0
3782,1
11440,1
7699,0
1144,1
13019,1
2510,0
12124,1
2273,0
2860,0
1221,0
11509,1
4864,1
15446,1
9912,0
8614,0
7541,0
7628,0
4924,0
4532,0
7220,0
1672,0
12205,1
10296,1
9431,0
4055,0
15639,1
10979,1
1808,0
2275,0
3761,0
8117,1
12110,1
10496,1
13111,1
2045,0
9886,0
9950,0
5113,0
1295,0
9059,0
4687,0
3952,0
7976,0
4317,0
13841,1
444,1
5519,1
858,0
11123,1
4439,0
5321,0
841,0
9948,0
8928,0
14772,1
12789,1
994,0
8144,0
9574,0
1554,0
11337,1
1973,0
1951,1
15034,1
10097,1
13553,1
15511,1
9466,1
11480,1
2513,0
15162,1
5559,1
13300,1
6301,0
2835,0
4700,0
2445,0
2233,0
3050,1
10654,1
400,0
1176,0
432,0
5198,0
6925,0
12483,1
10137,1
12358,1
8370,0
1023,0
3298,0
7332,0
13714,1
15556,1
12818,1
8594,0
5894,0
4241,0
5424,1
7416,0
3401,0
7336,0
4309,1
10299,1
4080,1
803,0
1550,0
1009,0
6650,0
15882,1
12768,1
2737,0
11173,1
8348,1
5095,0
648,0
9366,0
2862,0
4975,0
13934,1
6399,1
9512,0
8509,0
550,0
6860,1
11949,1
13702,1
5617,1
8486,1
10766,1
211,0
13336,1
15236,1
6343,1
1781,0
11642,1
3543,1
10870,1
1438,1
2515,1
2868,1
2434,1
5045,0
6830,0
4792,0
11572,1
13387,1
13468,1
12714,1
6475,1
1314,1
9913,0
7359,0
15680,1
3979,1
7058,1
12,0
12618,1
818,0
2784,0
11697,1
13812,1
453,0
1049,1
15441,1
1656,0
3457,1
7434,0
13944,1
12505,1
13846,1
5139,1
2908,0
13530,1
940,0
7580,1
11537,1
12269,1
8408,0
11450,1
12943,1
4634,1
8791,0
15530,1
7213,1
1400,0
14834,1
30,1
6363,0
6258,0
14174,1
3677,0
12380,1
672,0
8973,0
8250,0
9799,1
15177,1
5466,0
12360,1
7518,0
11671,1
1108,0
12172,1
14452,1
3229,1
8380,0
15082,1
12495,1
3319,0
12635,1
5835,0
4326,0
9809,1
14158,1
10895,1
2553,1
4775,0
14410,1
2686,0
15777,1
11899,1
1563,0
9835,0
555,1
3071,0
12388,1
13368,1
4474,0
13343,1
12604,1
14575,1
4856,0
5268,0
2853,1
13053,1
8414,0
7001,0
12119,1
11285,1
13205,1
10489,1
11155,1
4601,0
13860,1
12038,1
14717,1
2213,1
4929,0
13920,1
11673,1
12704,1
7539,0
2111,0
13598,1
8637,0
7492,1
14478,1
12593,1
9526,0
8076,1
8627,0
4446,0
14429,1
11946,1
12570,1
9381,0
5026,0
28,0
15099,1
14514,1
10856,1
10657,1
355,0
1429,0
14217,1
7191,0
7087,0
13057,1
11511,1
14856,1
10133,1
332,0
5643,1
6865,0
10540,1
8670,0
14268,1
4224,1
964,1
11538,1
6749,0
120,0
6794,0
4930,0
7319,0
5579,0
10341,1
328,0
4710,0
3281,0
2370,0
5522,0
2544,0
12008,1
9862,0
2885,0
10673,1
11730,1
2178,0
14530,1
4898,0
5153,0
1209,0
5170,0
15481,1
14845,1
11909,1
10618,1
3123,0
15670,1
1544,0
8390,1
15169,1
11419,1
9045,1
12005,1
10234,1
12853,1
14537,1
945,0
11386,1
4550,0
14251,1
12992,1
9482,1
8862,1
9634,0
15181,1
1675,0
10021,1
1561,0
14975,1
15370,1
8401,1
6213,0
8513,0
6044,0
4541,0
1782,1
8860,0
7713,0
14305,1
1095,1
7757,0
11342,1
8406,0
3287,0
13186,1
677,1
6193,0
2605,0
13463,1
1392,0
14468,1
15902,1
752,0
1711,0
3737,0
15586,1
15583,1
13625,1
3215,0
797,0
8742,0
1777,0
4113,0
1770,1
14523,1
6934,0
13950,1
13595,1
7873,0
6412,1
3022,0
14779,1
4228,0
14677,1
3012,0
14567,1
6875,1
10302,1
5764,0
15920,1
4619,1
11699,1
7624,0
7726,0
15869,1
527,0
366,0
6098,0
14647,1
4264,1
4262,0
8798,0
6825,0
1919,1
7250,0
701,0
6170,0
8284,0
14618,1
5018,1
6870,0
15635,1
4423,0
12603,1
6862,0
14658,1
4868,0
1298,0
12862,1
10143,1
1352,1
2926,0
13779,1
14982,1
1287,0
10820,1
12013,1
13055,1
4350,0
9222,0
3697,0
2013,0
10656,1
4373,1
9602,1
5677,0
7711,1
9027,0
2147,0
8956,0
2705,0
13390,1
5473,0
13271,1
2570,0
10740,1
7660,0
10275,1
10645,1
8180,0
12549,1
15653,1
810,0
5317,0
5684,0
8781,0
312,0
2073,0
11079,1
11993,1
11682,1
885,0
1477,0
1790,0
3142,0
8879,0
14908,1
8839,0
2008,0
3454,0
682,0
3895,0
12860,1
15115,1
6955,0
7523,0
57,0
7457,1
14401,1
12842,1
2399,0
8957,0
15345,1
4126,0
9971,0
9377,0
9869,0
1468,1
5761,0
1416,0
470,0
2358,0
2722,0
7959,0
6886,0
8085,0
13605,1
14930,1
9371,0
4525,0
4610,0
7484,0
12850,1
6041,0
12310,1
3869,0
15091,1
15288,1
13740,1
6786,0
7507,1
7695,1
11400,1
12532,1
4674,0
1055,0
2281,0
9731,0
11838,1
9709,0
9640,0
1924,0
6379,0
15004,1
4907,0
13415,1
14422,1
1075,0
1115,0
3936,0
3533,1
9705,0
8354,0
460,0
14173,1
3032,1
4207,0
6713,1
14227,1
6398,0
12382,1
5841,1
9858,1
1452,1
2149,1
319,0
4969,0
10877,1
6769,0
1922,1
14405,1
15755,1
10252,1
12865,1
15464,1
8304,0
9295,0
15056,1
2129,0
6403,1
9953,0
6478,0
6300,0
9209,0
11605,1
9404,0
7310,1
14472,1
2509,1
7281,1
1052,0
6840,0
6152,0
1681,0
10933,1
4067,0
5024,1
1456,0
8744,1
361,1
9214,1
15284,1
9559,0
15717,1
3145,1
14321,1
15270,1
505,0
11078,1
7728,0
14219,1
11009,1
11488,1
12745,1
540,0
4235,0
5507,1
13513,1
9393,1
11624,1
10474,1
14409,1
754,0
8665,0
2003,0
12192,1
2542,1
6073,0
2918,1
8298,1
5218,0
12190,1
7053,1
237,1
4271,0
5875,0
7949,1
100,0
8686,0
11498,1
13411,1
7744,0
5362,0
4766,0
8483,0
7503,0
4880,0
12438,1
601,0
10149,1
14240,1
6182,0
14308,1
15917,1
2431,1
9071,0
1044,0
13135,1
1557,1
5009,0
1487,1
6577,0
11164,1
14678,1
9434,0
2115,1
5795,0
14749,1
13159,1
12526,1
5491,1
11202,1
618,0
3799,0
8878,1
10310,1
15672,1
3396,0
1600,0
15498,1
12547,1
1615,0
1752,0
10883,1
2040,0
2083,0
7477,1
9554,1
546,0
6199,0
12679,1
11146,1
11989,1
5147,0
11891,1
675,0
2545,0
4371,1
13277,1
3999,0
15144,1
6014,1
5096,0
7169,0
175,0
15186,1
2208,1
3609,0
12559,1
13801,1
3787,1
8034,0
11283,1
6458,0
7110,0
8762,1
2225,0
3049,0
296,0
1126,0
10363,1
15178,1
11634,1
2441,0
13709,1
8990,0
1322,0
1603,0
4210,0
12403,1
13742,1
10025,1
4065,0
6904,0
1294,0
5007,1
10680,1
6069,0
6386,1
14914,1
11299,1
7955,0
4071,0
1507,0
9238,0
1559,0
9470,0
5577,0
11077,1
8108,0
12986,1
8480,0
1836,0
5611,0
12355,1
8883,0
5335,0
1354,1
15343,1
4141,0
9957,0
8402,1
14085,1
4844,0
4723,0
6260,0
14298,1
6906,0
3280,1
4032,0
6720,0
1235,0
9001,0
8885,0
15925,1
13072,1
14226,1
13218,1
2251,0
1025,0
12404,1
10291,1
6649,0
15200,1
12828,1
7926,1
3397,0
313,0
636,0
6149,0
13786,1
9910,1
11141,1
13230,1
7814,0
12940,1
12370,1
1152,0
2970,1
10241,1
11250,1
2584,0
9185,0
3885,1
15316,1
12296,1
15477,1
4771,0
14535,1
12368,1
6697,0
11875,1
1244,0
11965,1
12572,1
12445,1
7131,0
6058,1
1840,0
14508,1
1564,0
3673,0
8638,0
13817,1
4698,0
15886,1
3320,0
5192,0
7672,0
2272,1
14987,1
6157,0
4254,0
4773,0
6575,1
12521,1
4709,0
847,0
10670,1
12471,1
5544,0
5526,0
838,1
5461,0
9112,0
9090,0
7532,0
7251,0
8303,0
7759,1
4597,1
5916,0
1417,0
5785,0
10156,1
3848,0
604,0
9955,0
14026,1
2078,1
10330,1
7225,0
2311,0
9647,0
4343,1
1471,0
8856,0
1982,0
15712,1
4466,0
199,0
6676,0
485,0
6975,0
3270,0
4724,0
5728,0
2823,0
4551,1
11612,1
5336,1
3245,1
4453,0
11532,1
5817,0
13597,1
3749,0
2202,0
8826,0
13008,1
2794,1
13880,1
13033,1
10995,1
524,0
14214,1
14764,1
947,1
12297,1
9372,0
12617,1
1280,0
9815,0
122,0
4366,0
5885,0
7428,0
7983,0
12339,1
13945,1
2302,0
13061,1
14402,1
11967,1
15143,1
5820,0
14364,1
1005,1
3460,0
10753,1
11925,1
14544,1
3055,0
14182,1
3566,0
7981,0
2132,1
501,0
14131,1
10242,1
3185,1
6153,0
7582,0
13182,1
229,0
14493,1
4001,1
15806,1
14581,1
11167,1
9782,0
3007,1
9976,0
4587,0
4221,0
4305,1
14561,1
1074,0
2750,1
9564,0
595,0
7653,1
7210,0
4376,0
2944,0
6758,0
8201,0
2718,0
3362,0
11900,1
9002,0
5824,1
9934,1
15521,1
5230,0
9568,0
9935,0
6746,0
4161,0
13599,1
12263,1
6878,1
11932,1
12722,1
13126,1
7578,0
5322,0
5561,1
9498,0
9383,0
7690,0
14019,1
14137,1
11753,1
8309,0
14203,1
9050,0
4867,0
9646,1
9294,0
1017,0
8582,0
11497,1
10239,1
7743,0
1928,1
13816,1
350,0
6703,1
14300,1
223,1
6030,0
14907,1
13858,1
11972,1
9753,0
2500,0
9189,0
10264,1
564,0
1582,0
5545,0
9070,0
2175,0
10549,1
15903,1
15893,1
3933,0
15778,1
7356,0
2707,0
11790,1
15729,1
10312,1
5211,0
15493,1
9790,0
12687,1
3535,0
8796,0
12561,1
2397,0
6657,0
3739,0
15614,1
13879,1
7525,0
821,0
2063,1
13588,1
13066,1
81,1
5419,1
15339,1
7802,0
14781,1
10528,1
2697,0
831,0
4574,0
3826,0
7645,0
5924,0
11410,1
1397,1
14529,1
2833,0
10546,1
14833,1
7406,0
15198,1
9578,0
14117,1
8550,1
48,0
9735,1
13666,1
13209,1
6512,0
12170,1
14223,1
7768,0
11962,1
6357,0
4095,0
2689,1
1189,1
8013,0
4845,0
5210,0
3990,0
2373,0
11744,1
5676,0
7824,0
10266,1
2758,0
13990,1
6607,0
14181,1
15858,1
2488,0
2579,1
9354,0
12911,1
3880,0
11203,1
9415,0
8280,0
4934,0
12069,1
9571,1
14649,1
8696,0
7746,0
2209,0
5235,1
3945,0
12571,1
10311,1
2164,0
2886,0
9704,0
11518,1
15825,1
516,1
12867,1
9622,0
5666,1
172,1
639,0
8398,1
9505,0
15593,1
7224,0
8484,1
5065,0
1143,0
11463,1
7435,1
11325,1
13358,1
11321,1
1832,0
13457,1
9423,0
3686,0
6227,0
5700,1
13040,1
14438,1
4537,0
3515,0
10284,1
834,0
2486,0
11902,1
9084,1
9749,0
12474,1
14276,1
9901,0
5467,0
4915,0
65,0
8959,0
7756,0
11160,1
14913,1
2024,1
1872,0
354,0
5360,0
1767,0
13185,1
9988,0
6405,0
4762,0
1164,0
12916,1
9289,0
3395,0
8818,0
10797,1
4568,0
9893,0
3127,1
8163,1
6946,0
309,0
15295,1
9139,0
14976,1
14345,1
13572,1
4354,0
9245,0
11007,1
13015,1
3587,0
8153,1
2583,0
8285,0
2770,0
4812,0
12849,1
15020,1
12555,1
5087,1
324,0
7890,0
13932,1
5171,0
5648,0
6743,1
11599,1
3209,0
9892,0
3905,0
13157,1
1292,0
5638,0
15333,1
9044,1
9464,0
2379,0
11091,1
10100,1
3634,0
4169,0
8021,0
9233,0
6658,1
13567,1
15627,1
3428,0
12864,1
4421,0
1101,0
13586,1
12399,1
15205,1
8061,0
3250,1
4409,1
4140,0
3557,0
7665,0
709,0
7841,1
118,1
2022,0
4598,0
2042,0
15071,1
6130,0
8539,0
6952,0
14679,1
2374,0
15350,1
11441,1
9942,0
5227,0
14280,1
6606,0
4681,0
11295,1
8913,0
14295,1
5003,0
6523,0
10715,1
2857,0
4273,0
5739,0
13404,1
9693,1
14613,1
5470,0
5816,0
1158,1
11655,1
9457,0
87,0
7630,0
4163,0
3382,0
403,0
15508,1
11231,1
6378,1
2241,1
9837,0
11365,1
10460,1
6310,0
5517,0
2436,0
4689,1
10761,1
11482,1
6856,0
13028,1
6654,0
1425,0
5027,0
5281,0
9796,0
1502,0
13690,1
678,0
6673,0
5851,0
7194,0
8999,0
5053,0
1850,0
6522,0
1070,1
11952,1
6784,0
13262,1
3392,0
1099,0
12578,1
12540,1
418,0
10069,1
5819,0
12449,1
11377,1
15580,1
8821,0
11076,1
15480,1
722,0
5176,0
1860,0
13534,1
15239,1
14483,1
1992,0
15914,1
10537,1
9418,0
9057,0
6117,0
3459,0
6567,1
14115,1
11994,1
9345,0
12516,1
5492,0
9212,0
13293,1
12034,1
14881,1
11286,1
3625,0
14374,1
12535,1
848,0
2248,0
5616,0
14548,1
14079,1
8118,0
5303,0
4052,0
8668,0
14742,1
4076,1
997,0
4332,1
551,1
12810,1
4372,0
3497,1
13571,1
13590,1
1407,0
13410,1
12055,1
693,0
5011,1
3443,1
15022,1
4222,1
8283,0
11416,1
11006,1
261,0
14806,1
5497,0
10411,1
4016,0
3626,1
9750,1
445,0
6752,0
5111,0
3555,1
7338,1
3367,1
11042,1
2526,0
13089,1
8824,0
1168,0
4144,0
15809,1
8276,0
3149,0
880,1
6747,0
7572,0
15231,1
1467,0
15753,1
11635,1
6537,0
452,0
4137,0
3039,0
14768,1
8953,1
10894,1
579,0
6571,1
7467,0
11708,1
13349,1
12528,1
4157,0
6349,0
9156,1
402,0
4428,0
3057,0
7060,0
164,1
10675,1
3317,1
7865,0
9402,0
6851,0
1847,1
12565,1
1334,0
14077,1
10949,1
13892,1
6997,0
706,0
3491,0
4573,0
13884,1
7706,0
7054,0
5580,0
3151,0
15273,1
14926,1
4022,0
9432,0
10650,1
11043,1
2429,0
246,0
3815,0
8922,0
2262,1
835,0
1173,0
6437,0
9006,0
13363,1
10208,1
5289,0
8098,1
12413,1
250,0
14650,1
7952,0
15590,1
7334,0
2793,0
7795,0
13601,1
3407,0
9355,0
7422,0
14935,1
11217,1
5629,0
4002,0
9261,0
4753,0
14761,1
4196,1
3681,1
3019,0
4310,0
7448,1
8630,0
3985,0
9338,0
2569,0
11405,1
4277,0
3666,0
8412,1
15775,1
2446,0
6821,1
14315,1
6520,0
12222,1
3172,0
1223,0
544,1
1204,0
8743,0
7242,1
2637,0
8740,0
13270,1
13032,1
14633,1
877,0
8388,1
15527,1
4379,0
15127,1
3908,0
7688,1
6496,1
13769,1
15765,1
8075,1
6964,1
6479,1
4711,0
8471,1
11958,1
13187,1
2682,0
9228,0
2508,0
4314,0
10042,1
12497,1
5356,1
6639,0
5972,1
3734,0
9994,0
7787,0
13921,1
1876,1
9529,0
5262,0
8446,0
5159,0
13535,1
9839,0
759,0
5481,1
654,0
5812,0
5288,0
2892,0
5636,0
3044,0
10821,1
11165,1
7318,0
6159,1
9527,1
6022,1
5092,1
14022,1
10138,1
1131,0
3659,1
11270,1
2663,0
14610,1
5378,0
5533,0
15352,1
11670,1
13521,1
13541,1
9922,0
2880,1
5839,0
3381,0
4957,0
12423,1
5720,0
11199,1
942,1
3235,0
3257,0
12050,1
11782,1
8368,1
308,1
1565,0
6727,1
2135,1
12522,1
14016,1
9266,0
9210,1
13045,1
7393,0
2276,1
7072,0
9826,0
2623,0
10240,1
15819,1
231,0
8371,1
8552,0
737,0
15322,1
9020,0
8216,0
11580,1
9320,0
10349,1
5705,0
9026,0
5935,0
6495,1
755,0
8749,0
14963,1
8119,1
12049,1
6200,0
10157,1
69,0
5367,0
8084,0
5682,0
12791,1
1680,0
11336,1
5961,0
2603,0
7868,0
9387,0
14639,1
9597,0
2283,0
3732,1
10292,1
15008,1
13423,1
6620,0
8991,1
5127,1
1545,0
739,0
12212,1
14934,1
6984,1
6795,0
3518,0
13466,1
773,0
865,0
8521,0
5200,0
12591,1
641,0
10711,1
9443,1
3203,0
7288,0
5204,0
15250,1
6923,0
15746,1
13223,1
11807,1
15262,1
11142,1
13981,1
3309,0
363,0
3723,0
7670,0
4726,0
2940,0
471,1
1641,0
14027,1
12866,1
1172,0
13977,1
6085,1
13707,1
9742,0
3364,0
8845,0
1410,1
11937,1
6666,0
815,0
6500,0
7322,1
2131,0
1797,1
7727,0
4575,0
5190,0
8167,0
3122,0
5365,0
4275,0
14775,1
3089,0
9734,0
15898,1
10220,1
5253,0
15675,1
1532,0
13524,1
2831,0
8269,1
14642,1
9049,0
12158,1
13265,1
1299,0
6273,1
5499,0
9811,0
11392,1
12770,1
1480,0
1601,0
5091,0
7067,0
14334,1
3661,0
11975,1
4825,0
5680,1
397,0
12372,1
2506,0
10484,1
9773,0
3010,1
10873,1
723,0
300,0
13640,1
13823,1
7328,1
4185,0
14348,1
14339,1
11924,1
4582,0
14466,1
7367,0
9713,0
15602,1
7433,1
13069,1
6965,0
1212,1
7055,0
8694,0
13090,1
11601,1
15347,1
11448,1
5427,0
10041,1
11633,1
7216,1
5994,0
3767,0
4272,0
15413,1
8868,0
786,0
10034,1
9490,0
10970,1
7853,1
14106,1
2905,0
4626,0
996,0
12210,1
15419,1
7246,0
6250,0
11288,1
8055,0
15194,1
5523,0
14626,1
7505,0
156,0
15443,1
3085,1
11085,1
1552,0
11135,1
10337,1
495,0
2321,0
912,0
9619,0
151,1
9344,0
15021,1
15387,1
1738,0
3001,0
9845,0
6961,0
14383,1
2883,0
3720,0
7127,0
888,0
5471,1
3201,0
10313,1
4823,0
4704,0
343,0
4136,1
15117,1
3188,0
4522,0
2223,0
2121,0
6858,0
14475,1
10285,1
9481,0
15019,1
7366,0
15301,1
4734,1
13436,1
1465,0
4593,0
3565,0
5840,0
283,0
14793,1
6175,0
10942,1
4151,1
15407,1
10120,1
7376,0
12216,1
14816,1
9399,0
3161,0
2630,0
13966,1
13581,1
10646,1
1203,0
14549,1
13250,1
616,0
3114,1
12901,1
7481,0
14335,1
2728,0
8978,0
12626,1
13138,1
10519,1
1357,0
14876,1
7798,0
12300,1
14269,1
1590,0
15473,1
3140,0
5338,1
10772,1
547,0
7118,0
12332,1
14766,1
26,0
1067,0
3918,0
6604,0
5529,0
6678,0
5398,1
9188,0
8081,0
10219,1
15108,1
437,0
13999,1
15183,1
5269,1
1861,0
11103,1
8316,0
13450,1
2706,0
14003,1
8518,1
5325,1
6957,0
12266,1
14637,1
9414,1
9703,0
4011,0
14283,1
534,0
11992,1
585,1
13722,1
9264,0
10777,1
8683,1
12163,1
13842,1
6464,1
12488,1
14862,1
1916,1
14092,1
8107,0
15147,1
1910,0
9881,0
12084,1
1133,0
10379,1
15622,1
1317,1
4368,0
8313,0
12193,1
9199,1
7325,0
6080,1
9515,0
2601,0
6568,0
2173,0
3605,0
6429,0
15052,1
7995,0
3768,0
5077,0
8274,0
4631,0
9308,0
240,0
9368,0
8962,0
7602,0
9115,0
1867,0
9362,0
15790,1
2521,0
15458,1
1820,0
2410,0
8243,0
6637,0
5187,1
10686,1
4565,0
7942,1
13128,1
6391,0
2118,1
3779,0
4961,0
2809,0
498,0
14727,1
10652,1
8617,0
4284,0
10834,1
10690,1
228,1
9313,0
10416,1
2741,0
14237,1
6001,1
5718,0
13202,1
5583,0
13444,1
13536,1
9473,1
1128,0
11065,1
1706,0
7450,0
3153,0
10084,1
11360,1
15314,1
6240,0
7104,0
10064,1
2721,1
7445,1
7893,0
15367,1
13680,1
8042,1
9357,1
9722,0
9997,1
13459,1
11733,1
10997,1
11550,1
12703,1
6054,1
10741,1
12950,1
2550,0
14189,1
7440,0
6768,0
13531,1
14150,1
6449,1
15855,1
15492,1
2644,0
13952,1
4487,0
2061,0
4645,0
14973,1
13789,1
15408,1
14359,1
7265,0
4174,0
12815,1
13287,1
9511,0
8543,1
12705,1
983,1
10812,1
5480,0
12492,1
4797,0
11816,1
3662,0
14685,1
6947,0
4657,0
6414,0
3150,0
9995,0
9479,0
4813,0
5969,0
2939,1
1340,1
1391,1
10289,1
13736,1
12029,1
8802,0
11585,1
11712,1
9598,0
6146,0
1412,0
2256,0
11785,1
13291,1
6120,0
2212,0
5603,0
8881,0
6004,0
5417,0
4938,0
3624,0
3158,0
4267,0
463,1
1754,0
10542,1
12574,1
6380,1
3829,0
378,0
10635,1
1335,1
15444,1
2716,0
13873,1
10932,1
14408,1
13788,1
6322,0
12718,1
10423,1
1894,0
4661,0
10307,1
7769,0
7090,0
6221,1
9725,1
13114,1
7037,1
9159,0
9230,0
12078,1
9192,0
10978,1
11862,1
3992,0
6691,0
1030,0
2220,0
12331,1
14682,1
3793,1
15037,1
11149,1
4327,0
13633,1
8302,0
15126,1
14030,1
5731,1
2917,1
5586,0
12778,1
6326,0
1515,0
15076,1
14462,1
13406,1
2263,0
4479,0
4239,0
13554,1
13384,1
893,1
1490,0
14891,1
10272,1
8516,0
2933,0
14663,1
1129,1
731,0
3084,0
7297,0
4588,0
2795,0
8979,0
7601,0
798,0
6232,1
734,1
9234,1
2244,0
178,0
1174,1
790,0
12796,1
198,0
10889,1
7675,0
548,0
3339,1
10076,1
7465,0
9247,0
11751,1
13147,1
7533,1
66,0
4712,1
5214,1
12762,1
5033,1
10807,1
2572,0
10891,1
12541,1
622,0
6222,0
787,0
3332,0
15341,1
6008,0
11235,1
8334,1
13962,1
11198,1
9244,0
515,0
478,0
4476,0
15766,1
9376,1
6899,1
1033,0
12431,1
2598,0
1514,0
6191,0
14463,1
7237,0
5753,0
14446,1
14620,1
8236,0
8536,0
5521,0
1462,1
7915,1
1871,0
12993,1
7209,1
14660,1
7349,0
4623,0
13038,1
4818,0
220,0
13274,1
9575,0
2476,0
4248,0
12176,1
14611,1
13369,1
6487,0
10017,1
10335,1
5650,0
14516,1
11503,1
8052,0
14662,1
2881,0
1677,0
6060,1
901,0
13641,1
15190,1
2296,1
9365,0
8488,1
9577,1
9303,0
14476,1
11927,1
6772,0
12599,1
7257,1
2580,1
7966,0
15123,1
11825,1
15703,1
10401,1
9939,0
5254,0
681,0
14858,1
3159,0
14318,1
2987,1
4908,1
1882,0
9226,0
1940,1
3296,0
3534,0
5974,0
3729,0
490,0
5708,0
1181,0
1375,0
5014,0
626,0
4758,0
10991,1
12186,1
14155,1
4180,0
12041,1
15445,1
2887,0
8876,1
4539,0
15402,1
6671,0
6453,0
9211,0
1366,0
2639,1
15097,1
5602,0
14420,1
5730,0
7204,0
5296,1
15253,1
2938,0
10887,1
13819,1
8890,1
5979,0
4534,0
13021,1
7669,0
7607,0
12780,1
10477,1
15665,1
15491,1
6681,0
5428,0
11762,1
5266,0
11219,1
15624,1
1784,0
7116,1
494,1
9652,1
9329,0
2038,1
4041,0
2897,0
8558,0
13883,1
10425,1
10468,1
10577,1
2653,0
14284,1
15479,1
8514,0
2031,0
5089,0
813,1
7235,0
6280,0
14689,1
1079,0
2226,0
12426,1
14585,1
11904,1
3261,0
5649,0
3862,0
2936,0
11955,1
7080,1
3917,1
12981,1
305,0
4056,0
15170,1
2999,0
10148,1
1231,0
2313,0
12523,1
10920,1
13608,1
4321,0
9030,1
15794,1
6470,0
15812,1
7500,0
13451,1
3899,0
3567,0
5452,1
8022,1
13800,1
13201,1
4270,0
8531,1
4086,0
6663,0
10347,1
12958,1
588,0
3365,1
2670,1
5515,0
15842,1
13724,1
2395,1
5506,0
2170,0
14962,1
8134,0
9921,0
9081,0
14995,1
9620,0
13303,1
5673,0
2774,0
7620,0
6559,0
9927,0
9145,0
8456,0
10260,1
14937,1
5798,0
5982,0
5882,1
14869,1
9844,0
2181,1
12491,1
1473,0
6103,0
12062,1
9082,0
11024,1
11776,1
421,0
9350,0
2306,0
13621,1
171,0
3956,0
5606,1
14747,1
8462,0
1725,0
8938,0
10861,1
9035,0
14918,1
9663,0
904,1
3494,0
8346,0
10346,1
7797,0
7396,1
13317,1
2080,1
7928,0
11914,1
7933,0
9316,1
10480,1
11335,1
7211,0
4677,1
6533,0
5209,0
2646,0
12187,1
13692,1
11665,1
12056,1
11226,1
6365,1
12321,1
2155,0
11621,1
7370,0
14193,1
7837,1
3715,1
8111,0
14112,1
13227,1
3622,0
4516,1
7354,0
8750,0
1436,0
507,0
5275,0
5663,0
5402,0
5930,0
8947,0
2339,0
10494,1
4386,0
12393,1
7680,0
12961,1
12035,1
8693,1
643,1
10199,1
1539,0
9121,0
1211,0
11732,1
14560,1
8864,0
6106,0
5615,0
14034,1
1464,0
1192,1
3590,0
14377,1
6360,0
8697,0
15028,1
6719,0
506,0
11793,1
9830,0
9891,0
10226,1
1773,0
272,0
13017,1
14947,1
3618,1
2381,1
7008,1
9269,0
13955,1
4633,0
8504,1
746,0
7707,0
3569,1
8982,0
10390,1
8557,0
6448,0
5599,1
10452,1
11681,1
11460,1
8572,0
11243,1
9484,0
1912,1
10483,1
599,0
3892,0
5540,1
1652,0
8106,0
1893,0
11836,1
6502,0
4362,0
15569,1
375,0
1966,0
3957,1
14015,1
5696,0
1243,0
13169,1
14612,1
9720,0
941,0
15018,1
3346,0
2657,0
15579,1
10400,1
5326,1
10427,1
6578,0
2799,0
4306,0
11541,1
12264,1
7244,0
298,0
9241,0
13016,1
3823,0
11678,1
7977,0
2035,0
4039,0
15690,1
15259,1
1499,0
3512,0
15799,1
8844,0
8362,0
6828,0
7130,0
11727,1
9919,0
4085,0
242,0
13562,1
1644,0
7371,0
13307,1
5594,0
11957,1
10923,1
5231,1
2076,1
4103,0
7493,0
9043,0
5968,0
13329,1
12587,1
3966,0
12783,1
15594,1
14960,1
6754,0
13476,1
9688,0
13267,1
4078,0
7754,1
8832,0
9462,0
2778,0
4603,0
4932,0
1985,1
3861,1
7774,0
325,0
14965,1
6394,0
11951,1
4054,1
2237,1
5229,0
4571,0
8976,0
7454,0
1268,0
864,0
4942,0
2253,0
6010,0
6911,1
10438,1
6998,1
371,0
13677,1
7940,0
609,0
4651,0
13346,1
8872,0
12434,1
15380,1
11987,1
2364,0
7766,0
7148,0
9103,0
3789,0
15910,1
5581,0
9820,0
5060,0
9615,1
15621,1
14047,1
8671,1
662,0
14445,1
14539,1
9311,1
2776,0
4535,1
7189,0
10338,1
5573,0
6135,0
4427,0
5247,0
11052,1
3981,0
7825,1
2669,0
3977,0
279,1
11821,1
8718,1
7452,0
5197,0
14232,1
14860,1
4155,0
10760,1
4883,0
5807,0
3809,0
8713,0
13263,1
4683,0
10838,1
13424,1
11412,1
5593,1
11504,1
6897,1
4563,1
8376,1
12749,1
10031,1
1269,0
2350,1
8745,0
9589,0
1384,1
9970,0
9036,0
5856,0
297,1
8635,1
15366,1
12340,1
12291,1
2077,0
12279,1
12724,1
2229,0
2842,1
2537,0
194,0
13229,1
7362,0
6636,0
7498,0
11553,1
4042,0
6553,1
15779,1
5505,0
6854,0
6761,0
5300,0
15892,1
320,0
7135,0
1371,0
15637,1
2654,1
9099,0
12935,1
3398,0
8532,1
11526,1
14185,1
11245,1
13394,1
926,0
244,0
7469,0
8207,0
143,1
5983,0
8151,0
2363,0
11674,1
129,0
1161,1
11058,1
15604,1
5953,0
287,0
9972,0
5308,0
14010,1
8681,0
1170,0
13870,1
13386,1
6792,0
11679,1
1859,0
11379,1
11609,1
6781,0
10095,1
13533,1
3121,0
8579,0
1311,0
1032,0
8339,0
14533,1
6382,0
7910,0
931,0
691,0
13448,1
6364,0
1909,0
9021,0
14230,1
15069,1
44,0
3939,0
10498,1
7108,0
9822,0
4319,0
2965,0
3969,1
9379,0
14299,1
11802,1
13733,1
7478,0
6308,1
4159,0
3092,0
12452,1
7954,0
5555,0
3982,1
14673,1
6940,0
1404,1
3195,0
10043,1
14906,1
11988,1
969,0
12939,1
6543,0
9117,0
2843,0
2851,1
14933,1
13578,1
5956,0
11292,1
12720,1
4471,1
10383,1
12801,1
1789,0
13199,1
2059,0
7143,0
12656,1
1902,0
4686,1
10782,1
8090,0
4922,1
6785,0
14194,1
9548,0
75,0
2345,0
6447,0
8430,0
8622,0
4586,0
15340,1
12354,1
9929,0
13000,1
1553,0
5874,0
8432,1
8975,0
13269,1
15542,1
9169,0
13098,1
5695,0
2941,0
11374,1
10639,1
7381,1
12848,1
1620,0
15912,1
7905,0
14872,1
9549,0
12931,1
6782,1
15098,1
14014,1
10663,1
1609,0
3096,1
2415,0
13474,1
2017,0
2971,0
15615,1
3246,1
124,0
1106,0
1814,0
12433,1
14616,1
8790,0
2123,0
14979,1
13027,1
11408,1
8970,0
15406,1
2197,0
4051,0
1216,0
7701,1
725,0
9170,0
808,0
13163,1
11944,1
11098,1
4906,0
11117,1
14419,1
3962,0
12349,1
2671,0
14951,1
9427,0
9417,0
1764,0
13976,1
607,0
10035,1
10803,1
3217,0
5737,0
8479,0
2053,1
3164,0
11177,1
12213,1
14192,1
1657,1
8069,0
8644,0
2710,0
14623,1
7549,1
4266,1
6715,0
422,1
5316,0
8849,0
9673,0
2845,1
4066,0
14057,1
5244,0
1001,0
4198,1
2418,1
12453,1
3575,0
6726,1
3847,0
961,0
9772,0
11882,1
11099,1
15803,1
757,0
5313,0
2284,0
13396,1
9982,1
4827,1
14129,1
807,0
3907,0
7023,0
1956,1
9343,0
10910,1
13002,1
2402,0
11466,1
1073,0
6524,1
13570,1
15916,1
8095,1
12225,1
11880,1
13378,1
11919,1
12730,1
1003,1
7658,1
14521,1
7566,1
9677,1
14733,1
5368,1
13309,1
9603,0
6289,1
10596,1
15456,1
10154,1
985,0
11868,1
6169,0
15843,1
7384,0
12051,1
14573,1
14922,1
14942,1
9460,0
2462,1
11351,1
268,1
7962,1
3580,0
71,0
13959,1
12956,1
12280,1
2821,0
14317,1
589,1
12207,1
10495,1
11759,1
12378,1
14449,1
3758,1
6845,0
2028,0
8869,0
10946,1
13978,1
5454,0
10530,1
12414,1
14327,1
10671,1
2432,1
14080,1
4647,0
8469,0
14179,1
896,0
9803,0
13129,1
1587,0
6686,0
1719,0
6100,0
3806,0
8806,0
12238,1
3961,0
13246,1
7036,0
15303,1
890,0
14378,1
4006,0
4939,1
12624,1
12858,1
5898,0
11998,1
12726,1
12031,1
584,1
3932,0
1260,1
11856,1
310,0
1716,0
6009,0
2052,0
11070,1
4668,0
4298,0
6646,0
3783,1
1008,1
7347,0
13306,1
14946,1
8383,0
9878,0
10809,1
4059,0
8721,0
90,1
1987,1
11529,1
13905,1
12460,1
7279,0
14363,1
11549,1
14046,1
15132,1
9517,0
13847,1
13728,1
2925,0
10608,1
8185,0
5884,0
2341,0
12081,1
11334,1
627,0
10697,1
7545,0
10358,1
4765,0
15827,1
15308,1
13467,1
128,0
13502,1
11071,1
13838,1
4182,1
7299,0
6995,0
2398,0
14290,1
1186,0
15776,1
15483,1
5314,1
9220,1
4247,0
15227,1
9107,0
9497,0
1096,1
6653,0
1273,1
5698,0
10200,1
8728,0
6797,0
9590,0
6615,0
3358,1
7755,0
183,0
12601,1
15171,1
6513,0
4567,0
6603,0
14630,1
1961,0
4992,1
4891,0
8039,0
5869,0
9570,0
15120,1
6226,1
11991,1
11293,1
1251,1
3176,0
3359,0
10959,1
10236,1
12341,1
14353,1
7411,0
7538,0
13047,1
1051,0
9221,1
8464,0
4763,0
15740,1
1874,0
9278,0
10986,1
7282,1
9008,1
12143,1
4322,0
9448,0
5831,1
12937,1
10732,1
10762,1
13988,1
12402,1
4485,0
12642,1
8615,0
3924,0
9940,0
15112,1
10172,1
11770,1
7850,0
12882,1
3113,0
3303,1
9536,1
1690,0
15551,1
5048,0
10731,1
3308,0
1504,0
1806,0
3871,0
11213,1
3791,0
15182,1
12333,1
11095,1
1717,1
2696,0
1848,0
4512,1
11843,1
6622,0
3435,0
10790,1
142,0
11170,1
6992,1
10746,1
10502,1
1117,1
1756,0
497,0
6751,1
870,0
3357,0
9104,1
7678,1
721,1
886,0
15304,1
13947,1
13252,1
8347,1
9712,0
8102,0
13876,1
10876,1
314,0
14042,1
14275,1
11908,1
4204,0
5850,0
6129,0
5447,0
3129,0
1996,1
11830,1
3968,0
12596,1
10165,1
336,0
12597,1
13359,1
11044,1
2985,0
4620,0
6531,0
10481,1
3558,0
14545,1
3416,0
307,0
15811,1
12099,1
348,0
5918,0
14025,1
7243,0
15154,1
4482,0
12672,1
9421,0
10245,1
8263,0
14760,1
6855,1
12976,1
11866,1
12996,1
10702,1
1666,1
7579,0
5570,1
15266,1
52,0
10591,1
6263,0
1445,0
10467,1
10826,1
1695,0
1574,0
11813,1
4405,0
1630,1
13413,1
1881,0
5074,0
5509,0
14089,1
10791,1
9040,0
11331,1
11056,1
186,0
10022,1
5558,1
7185,0
14756,1
12248,1
6587,0
1234,0
14157,1
3915,0
446,0
844,0
5201,0
14037,1
12294,1
2440,0
3103,0
7692,0
4774,0
9718,1
6974,0
6094,0
9486,0
2153,1
5518,0
12776,1
5067,1
13464,1
12286,1
13289,1
776,1
8417,0
14829,1
6324,1
4920,0
13886,1
9182,0
15141,1
14418,1
3136,0
13433,1
5462,0
3183,0
13247,1
7522,1
11878,1
12658,1
3199,1
12070,1
1289,1
15173,1
15217,1
12919,1
7542,0
1879,0
14936,1
10632,1
5457,0
2148,0
4131,0
1036,0
8828,0
15193,1
4134,0
649,0
9275,0
6711,0
861,1
9095,0
191,0
8301,1
6026,0
1942,0
10295,1
4331,0
14134,1
8775,0
13430,1
7972,0
12335,1
11930,1
11823,1
2775,1
4145,0
13730,1
2617,1
2411,0
1094,0
6065,1
1546,0
4589,0
6034,0
12806,1
6953,0
3135,0
3856,0
14713,1
6419,0
3805,0
13910,1
12401,1
7431,0
6774,1
14021,1
464,0
1257,0
10020,1
2259,0
5630,0
15438,1
6231,1
7382,0
11262,1
13166,1
1262,0
14366,1
7212,1
975,0
11415,1
5866,1
9133,0
6582,0
2387,0
15500,1
5021,0
7129,0
13332,1
3882,0
6055,0
14501,1
11726,1
11359,1
3875,0
2789,1
9136,0
14184,1
1857,0
13837,1
4108,0
5213,0
8281,0
3255,0
7323,0
2690,0
7389,0
4627,0
11881,1
1319,0
12036,1
15737,1
5162,0
11571,1
11017,1
1135,0
4529,1
3505,0
4749,0
7086,0
9941,0
13162,1
15718,1
6336,0
11638,1
6982,0
10066,1
13582,1
2505,0
2904,0
570,0
1448,1
3414,0
12852,1
14864,1
9290,0
12675,1
6837,0
3226,0
15524,1
4383,0
9229,0
7845,0
3539,0
11267,1
14304,1
2827,0
5780,0
4996,0
1338,0
3262,1
7876,1
15711,1
6838,0
5741,0
650,0
6039,0
2258,0
5395,0
13940,1
7082,0
14125,1
3521,0
15517,1
4478,0
5660,0
13888,1
67,0
14953,1
12631,1
7609,0
1258,0
12727,1
13592,1
991,0
3504,0
8305,1
919,0
165,0
10501,1
13632,1
9141,0
4594,0
12928,1
2850,0
11594,1
15891,1
14361,1
4460,0
11890,1
6623,0
9306,0
13379,1
8490,1
9867,0
2735,0
5669,0
4988,1
15482,1
2378,0
14653,1
4172,0
8092,0
12750,1
2103,0
3759,0
12425,1
1837,1
12800,1
13253,1
14024,1
5710,0
8799,0
4500,0
1093,0
15401,1
6718,0
11454,1
8960,1
160,0
203,1
6483,0
3940,1
15698,1
4933,0
13853,1
7647,0
1230,0
9166,1
3046,1
7957,0
2915,1
14492,1
4251,0
6111,0
6204,0
2725,0
4290,0
4334,0
383,0
7485,0
4886,0
857,0
370,0
6539,1
2561,0
3801,0
5455,1
10801,1
10539,1
13109,1
6859,0
10858,1
13850,1
15306,1
5944,0
615,1
2575,1
53,1
13174,1
3340,0
12079,1
9897,0
14461,1
13191,1
10684,1
14688,1
5876,0
10840,1
8995,0
1812,0
990,0
11510,1
13382,1
8411,0
2942,0
9480,0
3163,1
4678,0
2618,0
3612,0
8235,0
7871,0
12746,1
3792,0
9695,0
10768,1
10045,1
3439,0
1892,0
15369,1
14883,1
5255,1
14455,1
5167,1
6460,0
1505,1
11012,1
670,0
9471,0
12095,1
897,0
3306,0
8026,0
6239,0
2890,0
6003,0
7739,0
12148,1
15287,1
8397,1
2,1
10562,1
9961,0
13566,1
6079,0
531,0
13758,1
8181,0
13809,1
6476,0
14239,1
13522,1
8923,1
3406,0
10531,1
5991,0
6328,0
13872,1
2565,0
2581,0
13023,1
8385,0
2607,0
11654,1
15109,1
9447,1
2104,0
14838,1
11369,1
14604,1
4994,1
11920,1
5057,1
658,0
4434,0
15142,1
3816,0
6773,0
13488,1
10664,1
9813,0
15040,1
7260,0
3904,0
13739,1
14211,1
9288,0
6811,0
14302,1
9359,1
10655,1
3700,0
12169,1
1788,0
13551,1
6314,1
3645,1
1776,0
192,0
9012,0
10912,1
13725,1
15251,1
5388,1
10962,1
4951,0
2687,0
4390,1
4927,1
5552,0
12887,1
238,1
14792,1
10908,1
6901,0
11652,1
15782,1
9137,0
11527,1
8640,0
5097,0
11524,1
12683,1
11143,1
3552,0
15876,1
3360,0
8328,0
5628,0
10602,1
7751,0
5783,0
4507,0
13487,1
146,0
11747,1
2294,0
13643,1
7178,0
9928,0
15204,1
14796,1
15116,1
13243,1
8690,0
7081,0
4733,0
8912,0
4384,0
10924,1
14636,1
12313,1
4545,0
596,0
14510,1
13225,1
5164,0
14601,1
1647,0
6815,0
2700,0
1700,0
10696,1
2773,0
6968,0
8143,0
6219,0
11429,1
86,1
10500,1
13073,1
13041,1
13972,1
2594,1
11072,1
1029,0
136,0
6972,1
11913,1
7024,0
2854,0
1200,0
6121,0
9763,0
8758,0
12277,1
6296,0
3927,0
10105,1
15330,1
8468,0
3606,0
14233,1
10551,1
2330,0
2187,0
195,0
5059,0
802,0
2668,1
241,0
2068,1
15630,1
13968,1
644,1
9116,0
5103,1
1637,0
7552,0
8312,0
3074,1
9014,0
7296,0
3278,0
8003,1
10327,1
4970,0
11340,1
8326,0
6915,0
11133,1
10751,1
7829,0
62,0
12608,1
12665,1
14840,1
13776,1
11542,1
10659,1
679,0
2041,0
8933,0
5307,1
11833,1
3641,0
15562,1
13091,1
3258,0
1873,0
4744,1
10788,1
9909,0
2912,1
4027,0
5488,0
13782,1
8024,0
7786,0
12995,1
14767,1
6864,1
489,0
8685,0
690,0
602,0
10103,1
1014,0
869,0
1993,1
14212,1
10558,1
7610,0
5283,0
4370,0
12059,1
1361,0
11156,1
1526,0
13302,1
1629,1
1551,0
11402,1
15439,1
1337,0
3901,0
5041,0
8252,0
10442,1
14669,1
5039,0
2346,1
14822,1
5485,0
14159,1
5694,0
5119,0
5166,0
1134,0
8342,0
11061,1
10278,1
10451,1
4017,1
10409,1
11218,1
2424,0
4138,0
859,1
2962,1
8089,0
12955,1
12325,1
13661,1
13538,1
1364,0
14110,1
1779,0
11057,1
2101,0
1818,0
369,0
4937,0
10896,1
5285,1
8367,0
12922,1
7071,0
2093,0
7817,0
1920,0
82,0
7331,0
7304,0
816,0
12351,1
4396,0
8475,1
6124,0
4120,0
12680,1
14161,1
1813,0
1271,0
8751,0
2994,0
12140,1
6409,0
12352,1
2642,0
9280,0
11063,1
2305,0
11611,1
15361,1
4195,1
13325,1
3849,0
15686,1
13383,1
15260,1
10606,1
3554,0
2195,1
2600,1
6163,0
1518,0
13681,1
11686,1
6309,0
10825,1
5755,0
5633,0
8399,0
14852,1
10626,1
7162,0
12023,1
11715,1
1988,1
9533,1
7737,1
517,0
10561,1
6160,0
11941,1
14497,1
12861,1
11948,1
9607,0
4456,0
2761,0
6481,0
5911,0
14412,1
6547,0
4855,0
7644,0
14145,1
15436,1
6358,0
9741,0
2438,1
3765,0
6432,0
8643,0
7846,0
11356,1
9665,0
14325,1
6340,0
4821,0
18,0
3560,1
3951,1
49,0
15764,1
887,0
6261,0
7236,0
6989,0
6043,0
15298,1
8708,0
3168,1
2949,0
1424,1
139,1
10116,1
10570,1
3197,0
5131,0
112,0
8160,0
13848,1
4559,1
4595,1
4690,0
7951,0
11898,1
3277,0
10758,1
4068,0
4408,0
11301,1
13697,1
9729,0
10667,1
451,0
7262,0
3731,1
7256,0
14292,1
4986,0
3663,1
2763,0
8850,1
11724,1
1855,1
999,0
389,0
6426,0
1476,0
2240,0
15086,1
15558,1
8112,0
992,0
7032,0
4997,1
3922,0
2972,0
6871,1
12021,1
4769,0
1293,0
14941,1
4173,0
2535,1
14576,1
1907,0
13222,1
15140,1
8560,0
6033,0
7619,0
1151,0
1567,1
3171,1
9689,0
7106,0
4160,0
4287,1
2230,0
11806,1
174,0
1903,0
9291,0
8752,0
14740,1
3408,0
1538,0
2292,0
9523,0
1363,0
4357,0
5260,0
11897,1
12096,1
680,0
13421,1
3664,0
1661,0
508,0
166,1
13212,1
9198,0
13304,1
7365,1
1914,0
7263,0
15362,1
15533,1
7361,1
10728,1
1104,0
12484,1
9944,0
5310,1
12028,1
11108,1
5754,0
152,0
12644,1
5679,0
15626,1
10744,1
15754,1
3551,0
3722,0
11740,1
13637,1
4538,0
11864,1
10014,1
8463,1
1991,0
14062,1
8501,0
5141,0
10743,1
3811,0
13913,1
3450,0
4591,0
7352,0
205,0
9327,0
6680,0
2749,0
8497,0
1849,0
14474,1
10180,1
3240,1
10990,1
13079,1
3109,1
10179,1
5934,0
13052,1
5810,0
8575,0
5634,0
4307,0
3156,1
6534,0
10919,1
15245,1
13868,1
13219,1
8891,0
3832,0
13904,1
4776,0
7997,0
4276,0
15531,1
11319,1
15299,1
14450,1
278,0
6771,0
7415,0
3252,0
11389,1
10672,1
14998,1
289,0
3075,0
12544,1
11520,1
9582,0
11277,1
270,0
4570,0
13505,1
14013,1
9583,0
6696,0
4316,1
3180,1
12346,1
1422,0
8275,0
9065,0
11030,1
12575,1
4557,0
7812,0
6297,0
14577,1
11668,1
15447,1
1132,0
10642,1
10521,1
10827,1
6242,0
12579,1
15750,1
7423,0
11600,1
10152,1
11478,1
13044,1
5520,0
9408,0
13889,1
11942,1
9256,0
3786,1
12067,1
8345,0
2161,0
3008,0
1105,0
11752,1
692,0
12476,1
4956,0
8307,0
4369,0
2765,0
3929,0
12160,1
15649,1
7778,0
11515,1
628,0
2451,0
11934,1
3824,0
14332,1
10844,1
15860,1
3743,1
2176,0
6689,0
8858,0
3318,0
11974,1
9653,0
7432,0
2787,1
1196,0
1676,1
3947,0
7618,0
4444,0
15268,1
14680,1
12682,1
5722,0
12416,1
10695,1
13525,1
2369,1
4967,1
2217,0
8148,0
10410,1
3326,1
12721,1
3583,1
15578,1
15650,1
3619,0
6217,0
2468,0
8277,0
13501,1
5973,0
10993,1
3667,0
5158,0
7594,0
6976,0
10211,1
3423,0
10717,1
8199,0
2409,0
3212,1
14984,1
5366,0
11852,1
6593,0
2895,0
13965,1
14707,1
3642,0
12152,1
11736,1
13381,1
9475,0
10193,1
13743,1
9061,0
15440,1
14312,1
8548,0
15783,1
5451,0
7160,0
10685,1
7866,0
2743,1
15813,1
10082,1
9797,0
4958,0
13110,1
10572,1
6474,0
7888,0
8811,0
492,0
12736,1
1116,0
5637,0
14020,1
15723,1
11799,1
14440,1
13738,1
6589,0
14482,1
7557,0
10692,1
12754,1
5241,0
14755,1
2783,0
11721,1
10661,1
12723,1
1696,0
5685,1
2295,1
5939,0
7763,0
10244,1
9968,0
11033,1
3313,0
4781,1
8350,0
15329,1
9784,1
9915,0
7605,0
215,1
6707,1
13139,1
8682,0
14580,1
3483,0
7006,0
5102,0
6599,1
3764,0
12638,1
6410,0
12072,1
25,0
10601,1
7659,0
13914,1
9744,1
14694,1
13754,1
6683,0
9171,0
10847,1
10039,1
13118,1
8584,0
12305,1
13711,1
12228,1
15384,1
13207,1
1102,0
3276,0
5345,0
12375,1
14490,1
14048,1
8386,0
8835,0
11308,1
11222,1
11569,1
15913,1
2207,0
4552,0
4402,1
7395,1
3718,0
972,0
4579,1
6516,0
719,0
6155,0
15054,1
2803,0
2566,0
4025,0
6198,0
8224,0
14104,1
4063,0
9889,0
2792,0
2222,0
5818,0
3866,0
11978,1
13826,1
14509,1
12117,1
14444,1
3227,0
4214,0
3923,0
10469,1
13519,1
1401,0
8931,1
7703,0
4979,0
3253,0
13775,1
2661,1
2158,0
8578,0
8088,1
674,0
12122,1
7011,0
11701,1
10197,1
3841,1
1815,0
13279,1
15673,1
2100,0
14070,1
6708,0
1673,0
10293,1
4213,0
12019,1
11591,1
1548,0
11522,1
8547,0
5184,0
1461,0
14978,1
3220,0
13453,1
14621,1
7170,0
7430,0
15209,1
1751,0
3976,0
8353,1
1772,0
9388,0
10070,1
10860,1
15909,1
2016,0
2005,1
3893,0
3237,0
4424,0
10270,1
8588,0
10980,1
2257,0
4072,0
5574,0
9083,0
15164,1
5355,0
8418,0
6093,0
7935,0
12914,1
1519,1
13036,1
1378,0
5672,0
9215,1
2587,0
15559,1
5621,0
12577,1
11049,1
13137,1
5842,0
7122,0
5832,0
9821,0
4888,0
5904,1
522,0
8043,0
3607,0
9120,0
234,0
3796,0
6318,1
7094,0
10202,1
1948,0
6361,0
14999,1
12508,1
6091,0
10863,1
14505,1
2224,0
9298,0
14436,1
9010,1
5571,1
4523,0
5793,0
14029,1
5738,0
2624,0
4728,0
7818,0
8859,0
15924,1
15642,1
9080,0
11853,1
2437,0
6056,0
9009,0
6352,0
10533,1
3167,1
1809,0
12908,1
7161,0
9456,0
5086,0
12845,1
7016,0
12420,1
4945,0
6046,0
13361,1
14783,1
6919,0
5590,0
7226,0
1228,0
12283,1
6846,0
8244,0
12907,1
6555,0
159,0
8851,0
9779,0
1589,0
15677,1
15129,1
15106,1
14894,1
6687,0
14909,1
12809,1
10576,1
12623,1
7480,0
14786,1
1556,0
2828,0
436,0
5789,1
13010,1
1588,0
7398,1
2780,0
14338,1
9242,0
5686,1
3965,0
4727,0
9165,0
1238,0
2951,1
10534,1
11893,1
12317,1
14691,1
1497,0
6465,0
7355,0
7823,0
7547,0
7913,0
10614,1
13662,1
5185,1
5647,0
14991,1
5242,1
2130,0
2092,1
5409,0
10207,1
187,0
11936,1
7938,0
3655,0
3426,0
12220,1
1381,1
12439,1
8605,0
7427,0
5037,0
4897,0
11528,1
3175,1
13580,1
12708,1
8448,1
11390,1
15768,1
12622,1
2235,1
8068,0
9959,0
4236,0
11820,1
14579,1
12195,1
9764,0
24,0
3363,0
1088,0
10886,1
8733,1
11590,1
14614,1
2841,0
10503,1
7537,0
15518,1
7470,0
14871,1
4152,0
9501,0
695,0
14654,1
6337,0
1227,0
1999,0
276,1
12114,1
5929,0
2953,0
3637,1
3906,0
4778,0
5845,0
15453,1
4117,0
12074,1
1137,0
2767,0
8182,0
13037,1
12634,1
7661,1
9134,0
12405,1
2490,0
15430,1
7742,0
3935,1
2384,0
8016,0
7084,1
115,0
1863,0
10750,1
3119,1
4258,0
14735,1
13498,1
2819,0
12681,1
11963,1
14506,1
4699,1
3802,0
6068,0
3536,0
3825,0
6642,0
13798,1
1946,0
13935,1
12162,1
13299,1
11680,1
9802,0
7269,1
12432,1
7929,0
7166,0
6963,0
5867,0
10859,1
4761,0
10386,1
882,0
557,1
12933,1
1207,0
12077,1
7684,0
15014,1
9702,0
6538,1
10485,1
3211,0
3630,0
1708,0
13160,1
8458,0
1140,1
3162,0
6207,0
13425,1
3730,0
10101,1
12314,1
2660,0
8848,0
1307,0
2567,0
9190,0
2834,0
15257,1
9429,0
2151,1
12429,1
3835,0
15448,1
13422,1
13105,1
10378,1
9326,1
5004,1
6626,0
9495,0
1627,0
14915,1
9714,0
15625,1
358,0
138,1
8491,0
9748,1
382,0
11181,1
12011,1
4857,0
14835,1
14187,1
1439,0
9569,0
946,1
13220,1
5498,0
4916,0
8556,0
10913,1
1932,0
2352,1
3236,0
15135,1
9493,0
13194,1
3807,0
14693,1
1936,0
14218,1
4154,0
8988,0
2416,0
13447,1
6139,0
785,0
6789,0
11350,1
8036,0
8315,0
15096,1
5668,1
2172,0
2169,0
6628,0
4009,0
4340,0
910,0
6268,0
2309,1
10033,1
11826,1
9449,0
6591,0
4458,0
7597,0
9370,1
12251,1
14895,1
4652,0
6218,0
442,0
3415,1
9591,0
14622,1
12214,1
9649,0
12507,1
5744,0
1054,0
11467,1
15547,1
3699,0
929,0
6468,0
8767,0
1829,1
14634,1
15241,1
14515,1
15172,1
14598,1
2011,0
913,0
7611,0
13130,1
12278,1
15591,1
2606,0
11456,1
4928,0
9783,0
6564,1
12980,1
6,0
11172,1
7835,0
6583,0
3361,0
10135,1
12424,1
1635,0
1141,0
13930,1
359,0
2070,1
3134,0
5160,0
6990,0
3243,0
2242,0
1474,0
13701,1
10081,1
11627,1
3259,0
10213,1
4020,0
14103,1
8566,1
3500,0
2658,1
15084,1
1130,0
14665,1
1819,0
7461,0
12496,1
12454,1
13747,1
7064,0
4318,0
9342,0
4669,1
9428,0
5476,1
15905,1
14006,1
1856,1
2282,0
13885,1
4008,0
6401,0
15810,1
14659,1
14803,1
386,0
1628,0
11777,1
10906,1
12198,1
13437,1
14879,1
7718,1
12242,1
11381,1
15875,1
9101,0
13820,1
10058,1
1842,0
2497,0
201,0
12802,1
3868,0
5054,0
5889,0
2702,0
7922,0
14416,1
331,0
3808,0
935,0
10651,1
1774,0
12542,1
8611,0
10878,1
14600,1
989,1
5443,0
13297,1
6993,0
13639,1
5806,0
15634,1
13894,1
6574,0
3052,0
13791,1
8365,0
4615,0
3321,0
12104,1
6246,1
11564,1
6048,0
3311,0
12396,1
12302,1
15411,1
14966,1
11196,1
11595,1
8210,0
11883,1
11431,1
3628,0
14149,1
10366,1
1356,0
5002,1
12376,1
5823,1
15155,1
5670,0
3112,1
182,0
14050,1
14142,1
10004,1
855,0
13445,1
4912,1
13629,1
1800,0
14776,1
10621,1
5482,0
13295,1
1968,0
13285,1
12988,1
4697,1
4987,0
4650,0
1159,0
9405,1
14898,1
1325,0
10288,1
12530,1
4796,0
6796,0
5808,1
15719,1
1455,0
5410,0
8333,0
2800,0
9836,0
10332,1
7616,0
14289,1
7815,0
4378,0
8921,0
13442,1
6716,0
10128,1
11985,1
3736,0
2261,0
7429,0
4005,1
9302,0
14331,1
11190,1
2394,0
1185,0
2007,1
193,0
14216,1
8770,0
5525,0
771,0
10587,1
1478,1
1846,0
3740,0
14846,1
7986,0
405,0
15208,1
10265,1
10088,1
13645,1
6317,0
11851,1
6581,1
10571,1
1447,1
342,0
7468,0
14939,1
10719,1
727,0
4577,0
9168,0
9250,0
3516,0
14195,1
12859,1
7156,0
7851,1
10178,1
9491,0
1348,0
660,0
1492,1
13915,1
13607,1
5154,0
10507,1
9885,0
15272,1
9277,0
2524,1
12274,1
13517,1
5374,0
3198,0
5717,0
12136,1
14525,1
13113,1
8259,0
12816,1
40,0
10461,1
13376,1
12343,1
14113,1
11639,1
6816,1
10559,1
12246,1
13009,1
10704,1
2723,0
14667,1
13679,1
9335,0
15510,1
7155,1
12240,1
14723,1
12514,1
7230,0
11981,1
10412,1
5075,0
10523,1
7880,0
5394,0
9641,0
13647,1
7789,0
14904,1
4088,0
1967,0
14349,1
14160,1
15878,1
6999,1
423,0
14797,1
10096,1
15159,1
13683,1
12109,1
6142,0
5661,0
11810,1
9031,0
4596,0
2659,1
141,0
2597,0
6701,0
1377,0
3674,0
9658,0
15761,1
6362,0
14945,1
4741,1
12000,1
1138,0
10449,1
7374,1
1787,1
12130,1
12799,1
4646,0
7568,0
459,0
6115,0
8179,0
11565,1
948,0
11892,1
9528,0
6370,0
4628,0
7358,1
5925,0
6040,0
441,0
6659,0
9794,0
10430,1
8831,0
9046,0
3830,0
14992,1
6144,0
14451,1
6344,0
13233,1
1958,0
9262,0
155,1
10487,1
14120,1
4578,0
1089,0
6049,0
11132,1
14617,1
9122,0
7950,0
11101,1
1674,1
6763,0
14221,1
6416,0
15243,1
11439,1
2326,0
7096,1
14625,1
12531,1
6450,0
14821,1
1715,0
9890,0
9172,0
8381,0
9433,0
3831,0
6299,0
3348,0
15180,1
9177,0
10013,1
587,0
9346,0
10964,1
15185,1
10091,1
2990,0
14818,1
12586,1
14164,1
11749,1
9587,0
264,0
11739,1
12569,1
6788,0
15206,1
13583,1
10131,1
3864,0
10435,1
10592,1
6274,1
13852,1
15616,1
3711,1
8438,1
9786,0
1529,0
13086,1
923,0
12506,1
7329,0
4364,0
669,0
3604,0
5108,0
10102,1
14380,1
5248,0
7183,0
12150,1
10888,1
2591,0
5906,0
9973,0
6509,0
11205,1
7133,0
2307,0
8804,0
3690,0
687,1
612,0
7167,0
12581,1
3200,0
10459,1
11168,1
6629,0
4135,0
1898,1
282,1
258,0
11116,1
15044,1
4943,0
2822,0
11531,1
3525,0
15399,1
5223,0
2285,1
6063,0
8078,0
4654,1
5000,0
6710,0
14886,1
8676,0
10403,1
5416,0
475,1
2555,0
8087,0
7,1
11849,1
6411,0
14632,1
14236,1
5546,0
2426,0
6744,0
10006,1
15349,1
2274,1
9203,1
1577,0
7264,0
9259,0
10183,1
3970,0
5879,0
15032,1
15706,1
7193,0
3867,0
15030,1
6823,1
11240,1
7548,0
781,0
15683,1
1749,1
10983,1
6519,1
5774,0
9283,0
9369,0
2324,0
10271,1
5055,0
10800,1
14396,1
10482,1
1727,0
610,0
4666,0
5413,0
8103,1
8174,0
8535,1
11349,1
3750,0
11407,1
97,0
6985,0
3137,1
1537,0
11780,1
3648,1
14186,1
1517,0
14923,1
4624,1
11861,1
6566,0
2090,0
7097,0
6171,0
7521,0
572,0
15175,1
14485,1
3062,0
597,0
6633,1
15048,1
7875,0
7345,0
6304,0
12798,1
15068,1
13024,1
5976,1
8562,1
1938,0
14770,1
8100,0
1753,0
3670,0
11844,1
14916,1
2361,0
4260,1
5432,0
6285,0
12546,1
15104,1
11929,1
14307,1
13655,1
14225,1
14051,1
5591,0
1171,1
7927,1
12830,1
9614,0
11333,1
14924,1
13616,1
14629,1
874,0
2297,0
14851,1
2643,0
14798,1
5347,1
9032,0
15824,1
581,1
204,0
7896,0
9833,0
2014,0
11445,1
11663,1
905,1
631,1
8461,0
13298,1
1974,0
162,0
4998,0
13150,1
9557,0
13980,1
4713,0
9067,0
1431,0
6868,0
14587,1
7710,0
7736,0
4283,0
7531,0
14686,1
11048,1
10053,1
10851,1
3384,0
15248,1
12949,1
15282,1
7462,0
3331,0
15207,1
10595,1
6404,1
8895,0
2096,0
10195,1
13393,1
7999,0
5017,0
8738,0
1449,0
13254,1
6900,0
2610,0
1900,0
8186,1
3920,0
2757,1
6397,0
10077,1
11888,1
13834,1
2097,0
8329,0
15080,1
5624,0
9028,0
3471,0
8266,0
2171,0
15826,1
14664,1
8590,1
2010,0
15600,1
1283,0
12485,1
13602,1
12448,1
10028,1
15310,1
1019,0
9518,0
11002,1
8667,0
2810,0
13777,1
1651,1
15331,1
1169,0
10720,1
9398,0
6256,1
14615,1
5469,0
13939,1
10258,1
867,1
11166,1
5093,1
5433,0
541,0
9324,0
15669,1
6354,1
14900,1
3390,0
13497,1
11154,1
12347,1
11451,1
12812,1
15823,1
10775,1
11005,1
3959,1
14799,1
6643,0
6841,0
13210,1
3586,0
12870,1
2563,0
10822,1
14229,1
12694,1
5036,0
1080,0
12475,1
5891,0
10277,1
10644,1
4966,0
2023,0
14346,1
7909,1
13929,1
7321,0
226,0
1013,0
1929,0
14655,1
5251,0
9596,0
2179,0
697,1
1124,1
7378,0
12087,1
13074,1
5110,0
7902,0
1778,0
12699,1
2634,1
7544,0
7604,1
3489,0
1037,0
10448,1
13026,1
15832,1
8505,0
2649,0
10473,1
2979,0
2547,0
5132,0
2159,0
11329,1
9114,0
6445,0
3967,0
1428,0
13416,1
2520,1
12742,1
8033,0
13675,1
13780,1
15724,1
448,1
13539,1
9476,0
5995,0
15656,1
3727,1
7353,1
8553,0
6279,1
14272,1
7295,0
9496,0
6251,0
5926,1
2460,1
22,1
2066,0
1653,1
8894,0
8706,1
10935,1
1376,1
1724,0
10660,1
3754,0
10517,1
8652,0
4183,0
4082,1
9678,0
11870,1
8474,0
6579,0
4558,0
12500,1
3537,0
14093,1
7003,1
10773,1
9560,1
15111,1
13117,1
8789,0
12543,1
9951,0
646,0
6381,0
7527,0
15451,1
12844,1
7165,1
11660,1
12709,1
7697,0
11182,1
15010,1
4875,0
10736,1
13708,1
5341,0
13614,1
12258,1
12180,1
7031,1
2160,0
685,1
12697,1
11435,1
2461,0
12275,1
11029,1
11889,1
7128,0
6267,1
4941,1
5946,0
4583,0
5784,0
12232,1
10422,1
7569,0
13593,1
10512,1
521,0
8714,0
14044,1
15327,1
3983,1
15242,1
14071,1
780,0
10613,1
13101,1
5607,0
5978,0
8843,0
3747,0
2196,1
8561,0
15742,1
4285,0
12406,1
8569,0
13352,1
10408,1
9832,1
9805,0
6979,0
1827,1
11824,1
9154,0
15094,1
15421,1
2376,0
8551,0
3839,1
15085,1
1246,0
7504,1
11483,1
6511,1
11886,1
14607,1
5439,0
10759,1
11615,1
10229,1
14759,1
8964,0
10681,1
11754,1
15486,1
15215,1
5510,1
5330,0
12954,1
4531,0
9866,0
365,0
12893,1
12089,1
12519,1
15896,1
147,0
1668,0
11280,1
14122,1
7650,0
8599,0
11698,1
7788,0
3456,1
12374,1
11768,1
3271,0
4940,0
9223,0
15537,1
6230,0
14220,1
12924,1
9047,0
3926,0
13825,1
8080,0
78,0
7088,1
2247,0
13151,1
13686,1
15844,1
15313,1
13204,1
7451,0
8980,0
2279,0
8123,0
12287,1
3897,0
12834,1
7177,0
9312,0
15089,1
3631,0
13759,1
6272,1
8616,0
392,1
3191,0
16,1
4200,0
2672,0
15220,1
6164,0
13085,1
3493,0
9651,0
13520,1
7394,0
4839,1
593,0
12027,1
14867,1
8737,0
5827,0
10749,1
7961,0
12470,1
5887,1
2355,1
6036,0
4798,0
10634,1
13802,1
4592,1
11234,1
8656,0
163,0
14791,1
15058,1
15582,1
7380,0
15857,1
10201,1
6356,0
11276,1
9092,1
5542,1
6007,0
7993,0
7638,0
6793,1
10900,1
7758,0
4837,0
2293,1
6548,0
7898,0
4481,0
12797,1
3716,0
10837,1
6140,0
9956,1
1549,1
11221,1
10331,1
2044,0
767,1
5693,0
7870,0
9700,0
7857,0
3302,0
4517,0
12411,1
14491,1
12871,1
3292,0
9011,0
1403,0
1382,0
10340,1
6928,1
5671,0
1638,0
15607,1
6907,0
8591,0
6406,0
9074,0
11757,1
15041,1
1179,0
5448,1
12436,1
15312,1
10322,1
5078,0
8648,1
5175,0
10142,1
689,0
14135,1
6525,0
15643,1
6488,0
10145,1
7154,0
15921,1
6610,0
10902,1
13665,1
13700,1
4349,1
14814,1
1884,0
13794,1
14957,1
2494,0
5947,0
3036,0
5777,0
11795,1
845,0
8734,1
11916,1
12379,1
11871,1
12415,1
7967,0
13532,1
7340,0
14379,1
13195,1
7137,0
2964,0
2529,0
5772,0
1048,0
7045,0
1960,0
2530,1
11138,1
8429,0
4917,0
9325,0
5901,0
8286,0
4259,0
13673,1
13781,1
5656,0
12553,1
6097,1
5907,0
7373,0
2978,0
14147,1
14848,1
6721,0
7842,0
12686,1
8264,0
14011,1
12111,1
3138,1
8325,0
15815,1
12265,1
14736,1
11421,1
1826,0
5548,0
8785,0
10917,1
12329,1
560,0
15261,1
12777,1
8435,1
5435,0
4437,1
10382,1
8597,1
1442,0
8453,1
4406,0
15201,1
1689,1
15721,1
9917,1
14358,1
5962,1
2496,0
13048,1
340,1
2408,0
9793,0
13315,1
5782,0
4576,0
3725,0
15845,1
2785,1
9715,0
13726,1
14993,1
1012,0
5280,1
4895,0
9958,0
15816,1
7121,0
6549,0
4037,1
148,0
285,0
15392,1
8555,0
12135,1
13596,1
9732,0
12917,1
6770,0
4443,0
7446,0
236,0
15292,1
10754,1
7123,0
13312,1
15238,1
12944,1
3083,1
15275,1
10294,1
632,0
6813,0
2493,0
2665,1
13546,1
12598,1
14424,1
13419,1
10526,1
10060,1
11811,1
12075,1
13510,1
4211,1
9686,0
10593,1
3874,0
9424,0
10853,1
2817,0
13158,1
15212,1
15633,1
14337,1
7426,1
12345,1
13727,1
13514,1
11253,1
14695,1
9777,0
1735,0
7397,1
11015,1
4255,0
13190,1
2475,0
10756,1
15897,1
3713,0
14333,1
1804,0
707,0
11238,1
15566,1
5189,0
14148,1
5472,0
72,0
7843,1
12640,1
13031,1
15395,1
5101,0
6764,0
9382,0
10793,1
1125,0
1241,0
13136,1
15061,1
2349,1
14925,1
11543,1
6602,0
12200,1
6780,0
9769,0
12098,1
11921,1
4358,0
1343,0
15904,1
14241,1
15267,1
8632,0
6652,0
1100,0
10829,1
9160,0
8841,0
9738,1
7327,1
7622,0
987,1
10658,1
2852,0
11695,1
8853,1
630,1
12960,1
1249,0
3179,0
482,0
9776,0
12868,1
9654,0
3040,0
5010,1
13942,1
7000,0
3273,1
7227,1
3683,1
6674,0
6807,0
12337,1
15512,1
1316,0
3225,0
1072,0
4815,0
13484,1
10823,1
9852,1
5752,0
10617,1
14596,1
4616,0
3097,0
12168,1
15055,1
6869,1
1300,0
7285,0
6284,1
13432,1
14156,1
5495,0
5291,0
9600,1
10037,1
1798,1
12149,1
9667,0
5203,0
8227,0
5047,0
6441,0
8636,1
8105,1
2359,0
14970,1
3654,0
7052,0
11371,1
1286,0
15488,1
4445,0
11608,1
2137,0
6787,0
10828,1
12208,1
15644,1
9873,0
15535,1
13573,1
14314,1
6894,0
9884,1
13667,1
10733,1
11827,1
8564,0
7151,0
963,1
6012,0
4882,0
15494,1
140,0
13076,1
12611,1
12046,1
14413,1
8906,0
6936,0
6542,0
5243,1
11380,1
10030,1
4431,0
13328,1
406,1
8212,1
9196,0
13345,1
13178,1
10603,1
10737,1
13768,1
10582,1
9135,1
8234,1
11022,1
11563,1
11214,1
11556,1
4399,1
5252,0
11,0
4760,0
1177,0
10139,1
10693,1
2863,0
6471,0
12057,1
6228,0
9218,1
12040,1
2989,1
9153,1
11081,1
7117,1
11207,1
7010,0
11530,1
13652,1
11760,1
8927,0
12592,1
1440,1
15528,1
2875,0
12178,1
9108,0
14520,1
14041,1
12281,1
11339,1
7232,0
3726,1
2772,0
9816,0
454,0
9013,0
8189,0
1367,1
3712,0
15696,1
1388,1
9042,0
1000,0
7761,0
3553,1
4114,1
9829,0
1667,0
12781,1
3173,0
13867,1
9539,1
14997,1
488,0
3230,0
3828,0
10824,1
13811,1
12975,1
5208,0
7848,0
11424,1
5704,1
15373,1
8133,0
703,0
5105,1
14199,1
3291,0
8125,0
11865,1
10600,1
9519,0
15355,1
15160,1
4909,0
4440,0
14531,1
986,0
14171,1
15161,1
14745,1
14465,1
7705,1
12241,1
6257,0
11677,1
6089,0
10666,1
5238,0
12065,1
1198,0
12373,1
9710,0
14480,1
7519,0
6812,1
9991,1
9206,1
8320,0
9556,1
10225,1
7175,0
4470,1
891,0
10985,1
1969,0
12595,1
5757,0
6527,0
6294,0
15532,1
7595,0
9110,0
3249,0
6570,0
6638,0
7351,0
14644,1
9400,0
12060,1
7473,0
12504,1
12257,1
14703,1
13845,1
1239,0
2289,1
2740,0
8467,0
4585,0
9227,0
1229,0
9200,0
6980,0
5178,0
12020,1
10724,1
4293,0
1058,0
6262,1
11036,1
281,0
9235,0
9508,0
968,0
10573,1
3953,0
1939,0
13493,1
1274,0
619,0
13565,1
1742,1
1390,0
2203,0
9771,0
9847,0
3568,0
10544,1
10404,1
6116,0
15877,1
6052,0
3178,0
3192,0
9499,0
6099,1
7029,1
575,0
10552,1
6656,0
7115,0
14064,1
6276,1
9472,0
14341,1
13149,1
11083,1
5897,0
5724,0
10185,1
10831,1
269,0
629,0
11970,1
3081,0
3466,0
6430,0
14865,1
7062,0
12588,1
12215,1
15497,1
5543,0
10238,1
4356,0
14550,1
2113,0
8219,0
10232,1
12120,1
15131,1
3216,0
15363,1
3814,0
8321,0
13698,1
2278,0
4599,0
13,0
14728,1
12668,1
1525,0
2365,0
4648,1
11244,1
12197,1
10532,1
374,0
13589,1
6477,0
525,0
9131,0
15571,1
12765,1
6895,1
10339,1
3591,0
14138,1
11106,1
7904,0
2958,0
11815,1
529,0
3714,0
4732,1
9461,0
12473,1
1394,0
13042,1
12201,1
12582,1
9989,0
11171,1
9633,0
10574,1
15708,1
12003,1
5631,0
9465,0
6563,0
4703,0
1712,0
15543,1
955,0
6675,0
3453,0
9579,0
14977,1
12803,1
8595,1
2071,0
15516,1
10169,1
158,0
7005,0
12080,1
9094,0
352,0
6078,0
6236,0
12732,1
12322,1
8946,0
11163,1
15887,1
2920,0
8503,0
4644,0
661,0
7057,0
10181,1
3665,0
7979,0
306,1
10527,1
4790,0
2356,0
11894,1
11996,1
1927,0
14897,1
3427,0
8941,0
3638,0
13576,1
1266,0
1560,0
14961,1
11787,1
10326,1
7179,0
13258,1
4109,0
13161,1
7867,0
4904,0
7294,0
514,1
894,1
8601,0
21,0
11577,1
15833,1
899,0
207,0
14342,1
458,1
10246,1
2430,1
8442,0
12398,1
9299,1
3389,1
9905,1
3911,0
5383,0
8907,0
552,0
9631,0
10462,1
3144,0
6917,0
2056,1
1925,0
634,1
6082,0
8508,0
14805,1
15429,1
8619,0
13706,1
105,1
3041,0
12430,1
10361,1
1709,0
89,0
7014,0
10433,1
3174,0
917,0
7833,0
6732,0
1949,0
12236,1
11040,1
6368,1
1,0
8032,0
12529,1
6047,0
9127,1
14710,1
2720,1
13397,1
8783,1
15629,1
3117,0
11128,1
15107,1
10640,1
9768,1
13399,1
3762,0
213,0
778,0
3496,0
14084,1
2043,0
8920,0
5420,0
6154,0
9759,0
8357,0
12894,1
11758,1
13908,1
12625,1
10205,1
8465,1
12052,1
4167,0
10960,1
3788,0
13375,1
8586,0
583,0
15789,1
15899,1
116,0
6644,0
14414,1
15848,1
15564,1
14301,1
8712,0
1763,0
1875,0
13547,1
12157,1
11536,1
10445,1
3224,1
526,0
7725,0
2946,0
4473,0
12091,1
5655,1
8884,1
6059,0
959,0
12636,1
6342,0
3633,0
1050,0
8782,0
8711,0
3380,0
3676,0
5776,1
14432,1
6573,0
5179,0
1607,0
3610,1
15546,1
6635,0
15922,1
10001,1
791,0
8984,0
3056,0
10047,1
1980,0
11425,1
3598,0
933,1
12155,1
13717,1
7424,1
5626,0
1682,0
4179,0
12218,1
13156,1
6446,0
4116,0
988,0
11703,1
11645,1
2896,0
3778,0
5658,1
11722,1
3093,0
3155,0
13261,1
11393,1
1823,1
15346,1
1098,0
10396,1
2844,0
9078,1
3342,0
38,0
6540,0
14921,1
8707,1
3356,0
13025,1
9645,0
11745,1
11801,1
12857,1
10698,1
11186,1
12191,1
7813,1
15499,1
9098,0
8220,1
14730,1
10699,1
2428,0
5043,0
5346,0
8954,1
11939,1
4811,0
8476,0
686,0
4799,1
7437,0
2353,0
6353,0
14261,1
4569,0
8213,0
2752,1
9077,0
8073,0
9109,0
1040,0
14163,1
7491,0
1265,1
12771,1
14795,1
7059,0
13507,1
277,0
5084,0
10276,1
9437,0
2382,0
571,1
1435,0
12094,1
13281,1
9439,0
5352,0
12873,1
11718,1
10706,1
5445,0
1007,0
12962,1
4543,1
12987,1
14083,1
14800,1
2064,0
13544,1
1136,0
9882,1
14773,1
5343,0
10177,1
294,0
9739,0
10204,1
8780,1
11521,1
2403,0
10321,1
3998,1
14885,1
3741,1
11700,1
14725,1
2719,1
14696,1
12713,1
5150,0
2808,0
9017,0
556,0
14250,1
4795,0
2469,1
3738,0
4286,0
12643,1
13481,1
9908,0
2604,0
362,0
6924,0
1704,0
2139,1
3239,0
2383,0
7314,1
4311,1
9477,1
1312,1
15043,1
3930,1
6183,0
13831,1
1591,0
13634,1
14980,1
2162,0
2396,0
317,0
9516,0
11303,1
5233,1
14213,1
5068,0
4036,1
8987,0
3020,0
9903,0
11579,1
8228,0
12741,1
9105,0
5295,0
3972,0
5370,1
4133,0
974,0
7291,1
9175,0
954,1
9610,0
9752,0
12327,1
13774,1
14201,1
12457,1
9547,0
14855,1
5016,0
15502,1
9179,0
10874,1
7490,0
13239,1
1640,0
1290,0
11873,1
1380,0
1933,0
4675,0
14583,1
11352,1
10222,1
892,0
7287,0
4876,0
12261,1
7906,0
12447,1
8194,0
14969,1
10301,1
9041,0
10929,1
2466,0
7657,0
10106,1
9788,0
1913,0
13331,1
11362,1
13832,1
2736,0
726,0
7214,0
8245,0
1796,0
3845,0
6402,0
10745,1
10992,1
936,1
2265,0
824,0
12513,1
7274,0
11593,1
1389,1
3564,1
9076,0
5429,0
7827,0
13895,1
5690,0
13059,1
7878,1
1868,0
13373,1
8202,0
11607,1
13613,1
7486,0
9655,0
806,0
4805,0
14097,1
12260,1
10300,1
14606,1
15856,1
10426,1
9155,0
7511,0
8056,1
4494,0
2632,0
14209,1
8896,0
8623,0
7832,1
4388,0
145,0
6467,1
2033,0
14566,1
1165,0
11692,1
2050,1
3760,0
10816,1
12676,1
4435,1
3430,0
8190,0
15515,1
7069,0
4361,1
10616,1
9454,0
1771,0
3511,0
271,1
12984,1
15890,1
8436,0
12605,1
12764,1
2032,1
15279,1
12316,1
9005,0
15409,1
3810,0
15664,1
13585,1
14329,1
9996,0
14651,1
4346,1
10653,1
545,0
3241,0
8930,0
8502,0
11713,1
9323,1
13737,1
15797,1
12303,1
10961,1
7564,1
920,0
14554,1
11779,1
6640,0
12151,1
7694,0
8230,0
12651,1
7126,0
4278,0
2983,0
13482,1
130,0
13409,1
7980,0
2667,0
7138,1
3223,0
9374,0
7693,0
5392,1
614,0
15774,1
1466,0
4497,1
3042,0
9126,1
2419,0
5085,1
3294,1
6737,0
1500,1
13014,1
9018,0
1521,0
14553,1
11122,1
4232,0
7686,0
8820,0
4430,0
12045,1
390,0
12537,1
15710,1
7124,0
5913,0
12182,1
8592,0
4806,0
13327,1
14293,1
11551,1
8238,0
13849,1
8044,1
15587,1
3993,0
11834,1
11918,1
15228,1
13400,1
6609,0
5319,0
15678,1
7119,0
2421,0
5604,0
1750,0
15647,1
14390,1
12254,1
15484,1
338,1
8407,0
11855,1
1341,1
15219,1
7982,0
15658,1
12086,1
3640,0
329,0
14101,1
3004,0
6960,0
4090,0
11307,1
9828,0
2322,0
6667,0
7009,0
4197,1
3549,1
9650,0
8363,1
4203,0
14863,1
11761,1
12418,1
14265,1
13350,1
14360,1
6185,0
1639,0
9130,0
60,0
1240,0
5760,0
5136,0
2343,0
2120,1
1524,0
7617,0
153,0
481,0
6122,1
12652,1
7674,0
7101,0
12112,1
1762,0
8942,0
7715,1
9977,0
14496,1
7479,0
6212,0
12693,1
4853,0
2711,0
6766,1
4150,0
12385,1
1333,0
15015,1
11046,1
8378,1
9328,0
14983,1
15466,1
10250,1
14559,1
3850,0
8340,0
4124,1
13081,1
14631,1
11555,1
4788,0
2866,0
11968,1
1386,0
5941,0
3067,0
14459,1
13887,1
3629,0
15092,1
12989,1
14286,1
3028,0
2969,0
11664,1
9900,0
11145,1
8646,0
6136,0
14536,1
8801,1
4263,0
13018,1
645,1
15396,1
2074,1
12244,1
341,0
8041,1
1622,0
12875,1
13689,1
7141,0
5796,0
7184,0
14889,1
8232,0
5475,0
10281,1
12116,1
10367,1
14777,1
74,0
15758,1
15814,1
10849,1
11372,1
10268,1
8633,0
14734,1
2051,0
2541,1
1301,0
5877,0
7368,0
11622,1
1304,0
8428,0
14513,1
2599,0
12808,1
2573,0
11472,1
3186,0
12145,1
2768,0
4831,0
4223,1
15389,1
2106,1
2679,0
10953,1
12880,1
13591,1
1387,0
15423,1
15139,1
15575,1
15404,1
7083,0
13364,1
13192,1
14045,1
1279,0
13221,1
804,0
1555,1
15133,1
11382,1
4566,0
12994,1
15417,1
4841,1
3594,0
6035,0
6852,1
10112,1
8705,0
4177,0
1308,0
13859,1
9106,1
3452,1
3695,0
4242,1
11348,1
2198,0
8966,0
4425,0
6150,1
943,0
822,0
5005,0
6612,0
12469,1
8356,0
5619,0
4547,1
12175,1
2538,0
15541,1
9503,0
5207,0
15176,1
14381,1
13575,1
3054,0
3675,0
7776,0
7218,0
6722,0
3300,1
3310,0
7221,0
8519,0
14078,1
10682,1
5954,0
10998,1
12600,1
832,0
11271,1
3462,0
13489,1
14890,1
7643,0
54,1
12256,1
3451,0
6305,0
10093,1
1481,0
4873,0
13087,1
8038,0
12342,1
3335,0
6016,0
4926,0
9138,1
5797,0
11485,1
10353,1
15660,1
5083,0
6645,0
12481,1
11249,1
5490,0
768,0
2065,0
15153,1
11687,1
7311,0
8477,1
15828,1
4524,0
11568,1
10524,1
2717,0
2079,0
11581,1
8914,0
951,0
8058,0
2482,0
10454,1
9181,0
11404,1
1759,0
9984,0
4422,0
6704,1
13671,1
9916,0
5182,1
8533,0
3701,0
4243,1
688,1
3432,0
13395,1
4944,0
966,0
15467,1
15130,1
10395,1
2713,0
4757,0
13290,1
12350,1
15221,1
6320,0
13472,1
5975,0
3572,0
12997,1
5299,0
1990,0
12312,1
12951,1
1205,0
13490,1
13050,1
4971,0
15496,1
13226,1
6783,0
3600,1
6490,0
8609,0
15888,1
14433,1
8070,0
8577,1
7973,0
14859,1
1625,0
536,0
8766,0
7970,0
13224,1
4212,0
6456,0
3507,0
8393,1
9524,0
7112,0
11694,1
2708,0
14222,1
5031,1
6514,0
4662,0
4021,1
1854,1
15045,1
2872,1
3030,0
9397,0
1645,0
3417,0
3476,1
15229,1
11053,1
1792,0
13718,1
3797,1
3368,0
11559,1
11725,1
7196,0
15376,1
5109,0
6024,0
11641,1
8795,1
11248,1
14836,1
126,1
5959,0
3876,0
11127,1
13635,1
4451,0
7147,0
3531,1
10922,1
827,0
9831,1
7790,0
984,0
11473,1
11197,1
7783,1
10380,1
15274,1
2443,0
8554,1
10541,1
345,0
814,0
6166,0
12999,1
11397,1
14884,1
15581,1
14153,1
11517,1
12298,1
5779,1
2116,0
10026,1
793,0
15839,1
6898,0
2674,0
94,0
4225,0
3756,0
2891,0
2371,0
14382,1
11420,1
14981,1
3228,0
14350,1
7863,0
6359,1
14188,1
14690,1
13102,1
7326,0
6028,1
11045,1
13429,1
11104,1
1865,0
13946,1
4612,1
10049,1
2645,0
2243,1
5373,0
2336,1
950,0
11260,1
1120,0
10789,1
2204,0
419,0
922,1
9446,0
8669,0
10227,1
5408,0
5788,1
5742,1
7667,0
5567,0
8135,0
1202,0
10818,1
5765,0
8389,0
1970,0
11302,1
4018,0
10343,1
3687,0
13108,1
1997,0
4033,1
15762,1
11246,1
1248,0
2192,0
2712,0
9184,0
2190,1
4670,0
5142,0
5984,0
6565,0
7804,0
11954,1
6943,0
11789,1
12903,1
9510,0
10055,1
10535,1
10641,1
2136,0
1065,1
14060,1
600,1
4227,0
10813,1
7577,0
77,0
7546,0
2898,1
14340,1
4820,0
9506,0
14850,1
14139,1
6413,0
9444,0
9064,0
12042,1
8007,1
5468,0
5951,0
15563,1
11157,1
3391,0
5415,0
2560,1
15752,1
8162,0
2635,0
5256,1
3530,1
8567,0
1908,0
12621,1
14790,1
235,1
12219,1
1604,0
7984,0
9310,0
11869,1
3490,1
15693,1
14231,1
11150,1
1994,1
2824,0
14826,1
10568,1
13924,1
1342,0
8512,0
1619,0
11905,1
5287,0
2060,0
15852,1
2219,0
9865,0
6038,0
260,0
14949,1
10231,1
12977,1
9093,0
3744,1
14594,1
2026,0
6988,0
4234,0
1917,1
1828,0
9765,0
12607,1
12941,1
6233,0
14899,1
12846,1
6283,0
4208,0
12819,1
224,1
8915,1
10002,1
9333,0
13721,1
6469,0
13956,1
15026,1
13746,1
15504,1
10954,1
846,0
4289,0
5560,0
13234,1
14309,1
2551,0
13917,1
11120,1
117,0
8837,1
5966,0
8195,0
12362,1
14043,1
8659,0
7489,0
5,1
5342,0
9111,0
10787,1
4324,0
1063,0
2590,0
8434,1
13046,1
9352,0
11062,1
3735,0
13918,1
10589,1
3517,0
6986,0
11613,1
10755,1
6767,0
5622,0
1605,0
1733,0
10516,1
10901,1
14910,1
9504,0
11640,1
3812,0
14277,1
15348,1
10554,1
10167,1
11706,1
1761,1
5401,0
2739,0
13829,1
15358,1
2472,0
6738,0
6891,1
12199,1
7943,1
12910,1
14369,1
9685,0
4206,1
6371,0
10350,1
9361,0
10348,1
232,0
8258,0
7561,0
9795,0
6168,0
11475,1
3596,0
6288,0
4632,0
125,1
7641,0
6229,0
13542,1
1296,0
1976,0
15124,1
15063,1
10267,1
12772,1
5750,1
8152,0
15468,1
3086,0
14811,1
6882,0
14854,1
7673,0
3345,0
8172,0
15038,1
5870,0
6506,1
2797,0
918,0
1646,1
5122,0
5126,0
13170,1
13623,1
4621,0
6809,0
364,0
11479,1
2125,0
8150,0
12315,1
12761,1
8717,0
13013,1
55,0
638,0
302,0
10958,1
5811,0
1276,1
14178,1
12912,1
10247,1
13568,1
13337,1
4432,0
3644,0
4143,0
2878,0
12394,1
6493,0
13367,1
10478,1
10453,1
5240,0
15011,1
10488,1
6937,0
7240,0
14124,1
9945,0
13389,1
10160,1
2593,0
11309,1
2393,1
523,0
6376,1
6981,1
13716,1
6677,0
3900,0
15364,1
12891,1
5585,0
14943,1
7956,0
7570,1
11314,1
6777,0
12348,1
10161,1
671,0
4188,0
666,0
3266,0
1887,0
11458,1
8472,0
9911,0
11139,1
12647,1
9091,0
7687,1
6031,0
15666,1
6090,0
6238,0
7350,0
7830,0
760,0
6254,0
1906,0
12234,1
12015,1
12330,1
3818,0
6269,0
4300,0
5569,0
14388,1
7941,0
10785,1
4164,0
11223,1
5971,0
3579,0
2832,0
5449,0
3472,0
6327,0
137,0
7043,0
4892,1
2180,0
10320,1
7730,0
3177,0
4854,0
4637,0
5115,1
14849,1
7648,0
4261,0
12536,1
1331,0
10209,1
12734,1
10674,1
7002,0
9550,0
6941,0
8017,0
6241,0
9521,0
15900,1
6881,0
13051,1
10342,1
4530,0
10314,1
4673,0
12173,1
6996,0
1252,0
11470,1
3374,0
2814,0
4719,1
6544,0
10040,1
4858,0
7901,0
11229,1
8580,0
8427,1
1077,0
10176,1
4363,0
12154,1
770,1
10357,1
12725,1
8865,0
249,1
14489,1
9766,0
7239,1
14430,1
3419,0
10273,1
10015,1
15307,1
4976,0
4544,0
5565,0
7939,0
716,0
15394,1
12338,1
2048,0
5997,0
6600,1
7245,0
13456,1
4178,0
4809,0
10916,1
15128,1
7140,0
7190,0
1460,0
5989,1
9860,0
10948,1
2000,0
12763,1
12805,1
8175,0
404,0
384,0
15078,1
15134,1
10344,1
1633,0
15233,1
13772,1
4784,1
15093,1
6970,0
3925,0
13528,1
4158,0
7449,0
13140,1
14090,1
15152,1
13550,1
8415,0
2193,0
11328,1
12661,1
10016,1
1015,1
5124,0
13164,1
7418,0
7409,0
8989,0
2871,0
9,0
14785,1
10136,1
1838,1
4804,0
255,0
7026,0
5713,0
12677,1
3324,0
7714,0
1581,0
11148,1
924,0
2779,0
10700,1
7891,0
6132,0
13216,1
5320,0
7312,0
7102,0
14837,1
6042,0
3775,0
4835,0
12328,1
4964,1
10971,1
539,1
7483,1
2745,0
3719,1
15210,1
6819,0
13659,1
9337,1
13319,1
4468,0
667,0
7575,0
11211,1
8549,0
5063,0
11023,1
10975,1
1353,0
13323,1
7114,0
15577,1
8662,1
2703,1
3330,0
8053,0
11829,1
9588,0
3584,0
15070,1
13454,1
5645,1
3376,1
1256,0
6190,0
11704,1
13843,1
13970,1
9442,0
13987,1
5348,1
11003,1
12490,1
11476,1
11125,1
4175,1
13460,1
4910,0
1852,0
6316,0
15007,1
12972,1
15699,1
2105,0
133,0
13428,1
5029,0
928,0
823,1
7576,0
11632,1
1531,0
1214,1
504,0
12477,1
14683,1
10188,1
6530,0
3072,0
10150,1
9576,0
9086,0
13116,1
8647,0
6619,0
13971,1
9273,0
3709,1
15285,1
4849,0
4748,1
4268,1
11714,1
12326,1
11794,1
15735,1
8905,0
4186,0
10406,1
5301,0
2923,0
6588,0
1810,0
3486,0
7419,0
3141,1
10019,1
9347,0
1324,0
4312,1
7494,0
8702,0
9872,0
8691,0
15156,1
10048,1
9580,0
13807,1
11911,1
10578,1
5541,0
11428,1
6172,1
1540,0
9409,0
2681,0
15739,1
11185,1
13704,1
6313,0
1191,0
13964,1
5293,0
1542,0
11493,1
11516,1
7056,0
2539,1
953,0
7241,0
6731,0
4846,0
6801,1
8010,1
4330,0
8924,0
5334,0
7330,0
9348,0
4729,1
11486,1
6541,0
11174,1
5305,0
5161,0
7860,0
2156,0
1062,1
10808,1
1167,0
11414,1
3636,0
7651,0
5588,0
11130,1
7192,0
4491,0
7266,1
11332,1
4980,1
8335,0
15849,1
11769,1
4946,1
2782,0
717,0
10011,1
2502,0
4360,0
4171,0
8082,0
15550,1
14780,1
395,0
13923,1
14512,1
7186,0
15646,1
4492,0
1365,1
15192,1
14191,1
8787,0
14397,1
12144,1
13584,1
5917,0
4968,0
2914,0
15801,1
10518,1
5644,0
3766,0
3440,1
12043,1
12324,1
7357,0
6806,0
9879,1
2143,0
5104,0
5073,0
1571,0
4079,0
1122,1
2786,1
14527,1
2967,1
2504,0
5988,0
11657,1
8867,0
11000,1
7164,0
11540,1
728,0
7587,0
7543,0
412,0
11338,1
9708,0
5745,0
7668,0
825,0
3267,0
3974,0
8808,1
8306,1
417,0
11261,1
9817,0
6748,0
8967,0
12377,1
11088,1
15379,1
2082,0
8945,0
10738,1
12161,1
3373,0
5726,0
4107,1
10636,1
4380,1
7723,0
1066,1
3913,1
13479,1
5536,0
8002,0
5387,0
5732,0
11690,1
2738,1
5052,0
4000,0
9760,0
2427,1
11938,1
6833,0
10123,1
1687,0
851,1
11738,1
6303,1
9087,0
12784,1
14593,1
5878,0
8527,0
2839,0
11279,1
4611,0
9540,1
9207,1
11008,1
9823,0
2489,0
11922,1
6905,0
7390,0
11443,1
2849,0
14069,1
6665,0
5881,0
10262,1
4452,1
9949,0
7421,0
13600,1
9827,0
12838,1
6484,0
2479,0
6617,0
10457,1
11151,1
13515,1
15475,1
11251,1
13245,1
14061,1
2141,1
13296,1
11310,1
5188,0
15463,1
12237,1
11548,1
2744,0
7253,1
13284,1
3506,0
1679,0
4249,0
3147,0
8130,0
10486,1
7004,0
15125,1
580,0
9662,0
12991,1
4070,0
13500,1
3343,0
13184,1
7404,0
12775,1
3672,0
559,0
5237,0
7805,0
13407,1
11041,1
512,0
12921,1
1081,0
1664,0
9204,0
1931,1
15412,1
1150,0
2838,0
5949,1
8308,0
8932,1
15595,1
14262,1
5177,1
11867,1
14098,1
830,0
8311,1
4752,0
15548,1
15490,1
15831,1
635,0
4465,0
12556,1
6799,1
7987,0
7079,0
6966,0
15202,1
4142,1
7027,0
9183,0
876,0
4869,1
5315,0
5222,0
4,0
3051,0
5691,0
3124,1
14599,1
15328,1
10852,1
2491,0
15338,1
13365,1
3854,0
13125,1
4777,0
9907,0
14640,1
7509,0
14905,1
6457,0
6293,0
1148,0
11453,1
574,0
3769,0
11928,1
4146,0
853,0
10174,1
10966,1
5919,0
13121,1
13403,1
9358,0
6614,0
6002,0
9163,0
10893,1
4495,0
8173,0
6655,0
12039,1
2368,0
12307,1
4780,0
12323,1
7992,0
2950,0
5625,0
6971,0
8716,0
10647,1
13208,1
1841,0
5986,1
537,0
2806,1
5801,1
5596,1
7206,0
7343,0
12533,1
7560,0
8096,0
11367,1
784,1
12249,1
1409,0
10729,1
154,0
7806,0
3009,0
1686,0
11093,1
4014,1
7455,1
12913,1
3863,0
2733,0
1895,0
5442,1
569,0
6709,1
5854,0
1816,0
10257,1
8319,0
3394,0
3327,0
15895,1
6102,0
2975,0
980,0
10492,1
190,1
9331,0
5088,1
699,0
15549,1
606,0
12468,1
301,0
14832,1
3420,0
15617,1
1060,0
14056,1
15757,1
10757,1
3444,0
1069,1
10716,1
2205,0
9435,0
7339,1
8208,0
7679,0
11312,1
13503,1
4642,0
7683,0
12946,1
9007,0
7996,0
11259,1
12740,1
5600,0
9151,0
7022,1
14619,1
4893,0
225,0
14362,1
3354,0
5895,0
10677,1
8754,0
3436,0
14565,1
14373,1
1693,0
6893,0
1045,0
3446,0
12757,1
8050,0
9146,0
15894,1
10927,1
11296,1
4735,0
4496,0
1218,1
13446,1
13703,1
6015,0
9719,1
3987,0
4911,1
9492,1
4493,0
6944,0
5699,0
8352,1
12259,1
13992,1
956,0
11983,1
11426,1
2869,0
11969,1
4433,0
4973,0
14207,1
2961,0
14172,1
2200,0
98,0
15692,1
2557,0
11375,1
8445,0
12115,1
4199,0
9637,0
5539,0
1648,0
12874,1
12915,1
12183,1
9888,0
11383,1
6197,1
6295,1
4499,0
1154,0
2255,0
15151,1
9874,0
3170,1
7400,1
10248,1
7158,1
12282,1
15713,1
3108,0
4548,1
11915,1
14589,1
5423,0
15232,1
2049,1
13168,1
11835,1
9208,0
8815,1
14681,1
15608,1
14075,1
262,0
13922,1
11561,1
4061,0
5534,0
14486,1
14257,1
6616,0
8120,0
8155,0
1802,0
4736,0
15908,1
2385,0
6694,0
5759,0
1959,0
2976,0
8680,1
1843,0
1734,0
2911,0
11411,1
8338,0
13822,1
1986,0
9561,0
6546,0
14243,1
7098,1
2811,0
659,0
9986,0
2511,0
11589,1
4282,0
9339,0
11464,1
8800,0
6287,0
15087,1
11774,1
1930,0
7125,0
197,0
7777,0
2931,0
8004,0
2327,0
4389,0
8958,0
12688,1
4218,1
11447,1
202,1
3510,0
4931,0
14582,1
5535,1
9925,0
5791,1
10969,1
1707,0
5172,0
5249,1
13949,1
11666,1
6528,0
15689,1
5855,1
8164,0
854,0
13877,1
14555,1
4737,0
12289,1
10352,1
698,0
11344,1
11191,1
3696,0
1636,0
7280,0
7554,1
11649,1
3581,0
1291,0
12851,1
6585,0
13808,1
1853,0
5232,1
3763,1
3304,0
1495,0
13919,1
11935,1
11637,1
7994,1
1998,0
663,0
12971,1
13545,1
15584,1
3748,0
4413,0
12936,1
5530,0
5575,0
8901,0
7526,0
9474,0
5864,0
13260,1
10867,1
6776,0
12221,1
1306,1
13688,1
13696,1
7392,0
10429,1
11494,1
5592,0
10230,1
9721,0
1663,1
5450,0
15821,1
15851,1
3627,0
13931,1
13339,1
13083,1
2693,0
11252,1
9789,0
14892,1
10921,1
10817,1
5915,1
3157,0
11506,1
9914,0
13471,1
6668,0
1059,0
4636,0
3242,0
1678,0
6892,1
6374,0
7574,0
14820,1
1757,1
6019,0
12383,1
5116,0
8755,1
7408,0
2790,0
863,0
7858,0
1484,0
7035,0
7721,0
5977,0
5134,1
206,1
4488,0
6938,0
9062,1
12685,1
6910,0
502,1
7385,0
1028,0
3840,1
10882,1
13773,1
8110,0
14948,1
5056,0
9762,0
8154,1
10965,1
14183,1
2731,0
14434,1
8996,0
14039,1
11837,1
2454,1
12790,1
7215,0
3104,0
15265,1
13067,1
14151,1
8392,1
6278,0
3099,0
6184,1
15353,1
10470,1
3561,0
5892,0
12666,1
14624,1
12706,1
13986,1
391,0
6736,1
5618,0
5258,0
15422,1
9687,0
2695,1
2027,1
13440,1
5463,0
2568,1
8006,0
64,0
12076,1
2062,0
5276,0
7208,0
8684,0
8571,0
6331,0
4859,0
14552,1
12185,1
4887,0
9268,0
878,0
8529,0
7916,0
6863,0
7892,0
6439,1
7869,1
1016,0
9467,0
11990,1
7629,1
12743,1
11534,1
13103,1
14605,1
995,0
10173,1
4297,1
161,0
5675,0
6873,0
14737,1
12990,1
9692,0
7989,0
3843,1
13417,1
10805,1
11653,1
1021,0
3073,0
7555,0
3943,0
1585,0
10147,1
3152,1
14541,1
8226,0
12206,1
775,0
10748,1
15787,1
9670,0
7099,0
5486,0
6235,0
9555,1
7041,0
2612,0
7513,0
11016,1
10233,1
8433,0
10253,1
10555,1
8792,0
10627,1
5393,0
14502,1
11080,1
14356,1
8838,1
3890,0
3556,1
11394,1
1528,0
15167,1
1267,0
7734,0
1899,0
4658,0
3005,0
2734,0
15293,1
189,0
9998,1
9167,0
2747,0
15835,1
2047,0
7849,0
2558,0
9274,0
8666,0
11096,1
13035,1
6396,0
12309,1
3385,1
4555,1
1184,0
6420,0
5051,0
5311,0
2433,0
6949,0
15773,1
13803,1
10583,1
769,1
15668,1
1685,1
8322,0
11111,1
11363,1
11636,1
14423,1
5578,0
4426,0
13526,1
466,0
6265,0
5734,0
11284,1
11964,1
5191,0
13418,1
5390,1
860,1
15795,1
7270,0
